id,name,description,reading_type_id,field_1,field_2,field_3,field_4,field_5,field_6,field_7,field_8,field_9,field_10,field_11,field_12,field_13,field_14,field_15,field_16,created_at,source,category
1,有功电能,电表有功电能累积量测，单位kWh,0-0-2-4-1-1-12-0-0-0-0-0-0-0-72-0,0,0,2,4,1,1,12,0,0,0,0,0,0,0,72,0,2025-06-10 15:23:18,示例数据,表计
2,A相电压,电表A相电压量测，单位V,0-0-0-6-0-1-54-0-0-0-0-0-128-0-29-0,0,0,0,6,0,1,54,0,0,0,0,0,128,0,29,0,2025-06-10 15:23:18,示例数据,表计
3,储能状态,储能设备状态量测,0-0-0-1-0-41-119-0-0-0-0-0-0-0-0-0,0,0,0,1,0,41,119,0,0,0,0,0,0,0,0,0,2025-06-10 15:23:18,示例数据,储能
4,反向有功电能,表计反向有功电能量测，单位Wh,0-0-2-4-19-1-12-0-0-0-0-0-0-0-72-0,0,0,2,4,19,1,12,0,0,0,0,0,0,0,72,0,2025-06-10 15:24:46,Excel标准库,表计
5,正向无功电能,表计正向无功电能量测，单位varh,0-0-6-4-1-1-12-0-0-0-0-0-0-0-72-0,0,0,6,4,1,1,12,0,0,0,0,0,0,0,72,0,2025-06-10 15:24:46,Excel标准库,表计
6,B相电压,表计B相电压量测，单位V,0-0-0-6-0-1-54-0-0-0-0-0-64-0-29-0,0,0,0,6,0,1,54,0,0,0,0,0,64,0,29,0,2025-06-10 15:24:46,Excel标准库,表计
7,C相电压,表计C相电压量测，单位V,0-0-0-6-0-1-54-0-0-0-0-0-32-0-29-0,0,0,0,6,0,1,54,0,0,0,0,0,32,0,29,0,2025-06-10 15:24:46,Excel标准库,表计
8,A相电流,表计A相电流量测，单位A,0-0-0-6-0-1-4-0-0-0-0-0-128-0-5-0,0,0,0,6,0,1,4,0,0,0,0,0,128,0,5,0,2025-06-10 15:24:46,Excel标准库,表计
9,三相有功功率,表计三相有功功率量测，单位W,0-26-0-6-1-1-37-0-0-0-0-0-224-3-38-0,0,26,0,6,1,1,37,0,0,0,0,0,224,3,38,0,2025-06-10 15:24:46,Excel标准库,表计
10,储能SOC,储能设备SOC状态量测,0-0-0-1-0-41-119-0-0-1-1-0-0-0-0-0,0,0,0,1,0,41,119,0,0,1,1,0,0,0,0,0,2025-06-10 15:24:46,Excel标准库,储能
11,储能容量,储能设备容量量测，单位Ah,0-0-0-1-0-41-119-0-0-1-1-0-0-0-72-0,0,0,0,1,0,41,119,0,0,1,1,0,0,0,72,0,2025-06-10 15:24:46,Excel标准库,储能
12,储能温度,储能设备温度量测，单位°C,0-0-15-0-0-41-139-0-0-0-0-0-0-0-109-0,0,0,15,0,0,41,139,0,0,0,0,0,0,0,109,0,2025-06-10 15:24:46,Excel标准库,储能
13,储能充电功率,储能设备充电功率量测，单位W,0-0-15-1-1-41-37-0-0-0-0-0-0-0-30-0,0,0,15,1,1,41,37,0,0,0,0,0,0,0,30,0,2025-06-10 15:24:46,Excel标准库,储能
14,通信告警1,储能设备通信告警信息,0-0-15-0-0-41-118-0-0-1-1-0-0-0-0-0,0,0,15,0,0,41,118,0,0,1,1,0,0,0,0,0,2025-06-10 15:24:46,Excel标准库,告警
15,通信告警2,储能设备通信告警信息,0-0-15-0-0-41-118-0-0-2-1-0-0-0-0-0,0,0,15,0,0,41,118,0,0,2,1,0,0,0,0,0,2025-06-10 15:24:46,Excel标准库,告警
16,气象频率,气象设备频率量测，单位Hz,0-0-0-6-0-40-46-0-0-0-0-0-0-0-23-0,0,0,0,6,0,40,46,0,0,0,0,0,0,0,23,0,2025-06-10 15:24:46,Excel标准库,其他
17,气象温度,气象设备温度量测，单位°F,0-0-0-6-0-40-156-0-0-0-0-0-0-0-281-0,0,0,0,6,0,40,156,0,0,0,0,0,0,0,281,0,2025-06-10 15:24:46,Excel标准库,其他
18,15分钟正向间隔有功电能（k·Wh）,表计设备的15分钟正向间隔有功电能（k·Wh）量测，功率,0-0-2-4-1-1-12-0-0-0-0-0-0-0-0-3,0,0,2,4,1,1,12,0,0,0,0,0,0,0,0,3,2025-06-10 15:34:39,Excel完整库,表计
19,15分钟反向间隔有功电能（k·Wh）,表计设备的15分钟反向间隔有功电能（k·Wh）量测，功率,0-0-2-4-19-1-12-0-0-0-0-0-0-0-0-3,0,0,2,4,19,1,12,0,0,0,0,0,0,0,0,3,2025-06-10 15:34:39,Excel完整库,表计
20,5分钟间隔正向有功电能（k·Wh）,表计设备的5分钟间隔正向有功电能（k·Wh）量测，功率,0-0-6-4-1-1-12-0-0-0-0-0-0-0-0-3,0,0,6,4,1,1,12,0,0,0,0,0,0,0,0,3,2025-06-10 15:34:39,Excel完整库,表计
21,5分钟间隔反向有功电能（k·Wh）,表计设备的5分钟间隔反向有功电能（k·Wh）量测，功率,0-0-6-4-19-1-12-0-0-0-0-0-0-0-0-3,0,0,6,4,19,1,12,0,0,0,0,0,0,0,0,3,2025-06-10 15:34:39,Excel完整库,表计
22,15分钟间隔净有功电能（k·Wh）,表计设备的15分钟间隔净有功电能（k·Wh）量测，功率,0-0-2-4-4-1-12-0-0-0-0-0-0-0-0-3,0,0,2,4,4,1,12,0,0,0,0,0,0,0,0,3,2025-06-10 15:34:39,Excel完整库,表计
23,5分钟间隔净有功电能（k·Wh）,表计设备的5分钟间隔净有功电能（k·Wh）量测，功率,0-0-6-4-4-1-12-0-0-0-0-0-0-0-0-3,0,0,6,4,4,1,12,0,0,0,0,0,0,0,0,3,2025-06-10 15:34:39,Excel完整库,表计
24,总正向累计有功电能（k·Wh）,表计设备的总正向累计有功电能（k·Wh）量测，功率,0-0-0-3-1-1-12-0-0-0-0-0-0-0-0-3,0,0,0,3,1,1,12,0,0,0,0,0,0,0,0,3,2025-06-10 15:34:39,Excel完整库,表计
25,总反向累计有功电能（k·Wh）,表计设备的总反向累计有功电能（k·Wh）量测，功率,0-0-0-3-19-1-12-0-0-0-0-0-0-0-0-3,0,0,0,3,19,1,12,0,0,0,0,0,0,0,0,3,2025-06-10 15:34:39,Excel完整库,表计
26,总正向累计净电能（k·Wh）,表计设备的总正向累计净电能（k·Wh）量测，功率,0-0-0-3-4-1-12-0-0-0-0-0-0-0-0-3,0,0,0,3,4,1,12,0,0,0,0,0,0,0,0,3,2025-06-10 15:34:39,Excel完整库,表计
27,单相表当前电压（V）,表计设备的单相表当前电压（V）量测，电压,0-0-15-0-0-1-158-0-0-0-0-0-0-0-0-0,0,0,15,0,0,1,158,0,0,0,0,0,0,0,0,0,2025-06-10 15:34:39,Excel完整库,表计
28,单相表当前正向功率（kW）,表计设备的单相表当前正向功率（kW）量测，有功功率,0-0-15-0-1-1-37-0-0-0-0-0-0-0-0-3,0,0,15,0,1,1,37,0,0,0,0,0,0,0,0,3,2025-06-10 15:34:39,Excel完整库,表计
29,单相表当前净功率（kW）,表计设备的单相表当前净功率（kW）量测，有功功率,0-0-15-0-4-1-37-0-0-0-0-0-0-0-0-3,0,0,15,0,4,1,37,0,0,0,0,0,0,0,0,3,2025-06-10 15:34:39,Excel完整库,表计
30,单相表当前反向功率(kW),表计设备的单相表当前反向功率(kW)量测，有功功率,0-0-15-0-19-1-37-0-0-0-0-0-0-0-0-3,0,0,15,0,19,1,37,0,0,0,0,0,0,0,0,3,2025-06-10 15:34:39,Excel完整库,表计
31,当月最大需量（kW）,表计设备的当月最大需量（kW）量测，测量8,13-8-15-6-1-1-8-0-0-0-0-0-0-0-0-3,13,8,15,6,1,1,8,0,0,0,0,0,0,0,0,3,2025-06-10 15:34:39,Excel完整库,表计
32,当日最大需量（kW）,表计设备的当日最大需量（kW）量测，测量8,11-8-15-6-1-1-8-0-0-0-0-0-0-0-0-3,11,8,15,6,1,1,8,0,0,0,0,0,0,0,0,3,2025-06-10 15:34:39,Excel完整库,表计
33,A相表计相电压,表计设备的A相表计相电压量测，电压，单位单位128,0-0-0-6-0-1-54-0-0-0-0-0-0-0-128-0,0,0,0,6,0,1,54,0,0,0,0,0,0,0,128,0,2025-06-10 15:34:39,Excel完整库,表计
34,B相表计相电压,表计设备的B相表计相电压量测，电压，单位单位64,0-0-0-6-0-1-54-0-0-0-0-0-0-0-64-0,0,0,0,6,0,1,54,0,0,0,0,0,0,0,64,0,2025-06-10 15:34:39,Excel完整库,表计
35,C相表计相电压,表计设备的C相表计相电压量测，电压，单位单位32,0-0-0-6-0-1-54-0-0-0-0-0-0-0-32-0,0,0,0,6,0,1,54,0,0,0,0,0,0,0,32,0,2025-06-10 15:34:39,Excel完整库,表计
36,A相表计相电流,表计设备的A相表计相电流量测，电流，单位单位128,0-0-0-6-0-1-4-0-0-0-0-0-0-0-128-0,0,0,0,6,0,1,4,0,0,0,0,0,0,0,128,0,2025-06-10 15:34:39,Excel完整库,表计
37,B相表计相电流,表计设备的B相表计相电流量测，电流，单位单位64,0-0-0-6-0-1-4-0-0-0-0-0-0-0-64-0,0,0,0,6,0,1,4,0,0,0,0,0,0,0,64,0,2025-06-10 15:34:39,Excel完整库,表计
38,C相表计相电流,表计设备的C相表计相电流量测，电流，单位单位32,0-0-0-6-0-1-4-0-0-0-0-0-0-0-32-0,0,0,0,6,0,1,4,0,0,0,0,0,0,0,32,0,2025-06-10 15:34:39,Excel完整库,表计
39,A相表计线电压,表计设备的A相表计线电压量测，电压，单位单位132,0-0-0-6-0-1-54-0-0-0-0-0-0-0-132-0,0,0,0,6,0,1,54,0,0,0,0,0,0,0,132,0,2025-06-10 15:34:39,Excel完整库,表计
40,B相表计线电压,表计设备的B相表计线电压量测，电压，单位单位66,0-0-0-6-0-1-54-0-0-0-0-0-0-0-66-0,0,0,0,6,0,1,54,0,0,0,0,0,0,0,66,0,2025-06-10 15:34:39,Excel完整库,表计
41,C相表计线电压,表计设备的C相表计线电压量测，电压，单位单位40,0-0-0-6-0-1-54-0-0-0-0-0-0-0-40-0,0,0,0,6,0,1,54,0,0,0,0,0,0,0,40,0,2025-06-10 15:34:39,Excel完整库,表计
42,A相表计线电流,表计设备的A相表计线电流量测，电流，单位单位132,0-0-0-6-0-1-4-0-0-0-0-0-0-0-132-0,0,0,0,6,0,1,4,0,0,0,0,0,0,0,132,0,2025-06-10 15:34:39,Excel完整库,表计
43,B相表计线电流,表计设备的B相表计线电流量测，电流，单位单位66,0-0-0-6-0-1-4-0-0-0-0-0-0-0-66-0,0,0,0,6,0,1,4,0,0,0,0,0,0,0,66,0,2025-06-10 15:34:39,Excel完整库,表计
44,C相表计线电流,表计设备的C相表计线电流量测，电流，单位单位40,0-0-0-6-0-1-4-0-0-0-0-0-0-0-40-0,0,0,0,6,0,1,4,0,0,0,0,0,0,0,40,0,2025-06-10 15:34:39,Excel完整库,表计
45,三相表计平均相电压,表计设备的三相表计平均相电压量测，电压，单位单位225,0-2-0-6-0-1-158-0-0-0-0-0-0-0-225-0,0,2,0,6,0,1,158,0,0,0,0,0,0,0,225,0,2025-06-10 15:34:39,Excel完整库,表计
46,三相表计总电流,表计设备的三相表计总电流量测，电流,0-26-0-6-0-1-4-0-0-0-0-0-0-0-0-0,0,26,0,6,0,1,4,0,0,0,0,0,0,0,0,0,2025-06-10 15:34:39,Excel完整库,表计
47,三相表计总正向有功功率（kW）,表计设备的三相表计总正向有功功率（kW）量测，有功功率，单位单位224,0-26-0-6-1-1-37-0-0-0-0-0-0-0-224-3,0,26,0,6,1,1,37,0,0,0,0,0,0,0,224,3,2025-06-10 15:34:39,Excel完整库,表计
48,三相表计总净有功功率（kW）,表计设备的三相表计总净有功功率（kW）量测，有功功率，单位单位224,0-26-0-6-4-1-37-0-0-0-0-0-0-0-224-3,0,26,0,6,4,1,37,0,0,0,0,0,0,0,224,3,2025-06-10 15:34:39,Excel完整库,表计
49,三相表计总反向有功功率（kvar）,表计设备的三相表计总反向有功功率（kvar）量测，有功功率，单位单位224,0-26-0-6-19-1-37-0-0-0-0-0-0-0-224-3,0,26,0,6,19,1,37,0,0,0,0,0,0,0,224,3,2025-06-10 15:34:39,Excel完整库,表计
50,A相表计正向有功功率（kW）,表计设备的A相表计正向有功功率（kW）量测，有功功率，单位单位128,0-0-0-6-1-1-37-0-0-0-0-0-0-0-128-3,0,0,0,6,1,1,37,0,0,0,0,0,0,0,128,3,2025-06-10 15:34:39,Excel完整库,表计
51,B相表计正向有功功率（kW）,表计设备的B相表计正向有功功率（kW）量测，有功功率，单位单位64,0-0-0-6-1-1-37-0-0-0-0-0-0-0-64-3,0,0,0,6,1,1,37,0,0,0,0,0,0,0,64,3,2025-06-10 15:34:39,Excel完整库,表计
52,C相表计正向有功功率（kW）,表计设备的C相表计正向有功功率（kW）量测，有功功率，单位单位32,0-0-0-6-1-1-37-0-0-0-0-0-0-0-32-3,0,0,0,6,1,1,37,0,0,0,0,0,0,0,32,3,2025-06-10 15:34:39,Excel完整库,表计
53,A相表计反向有功功率（kvar）,表计设备的A相表计反向有功功率（kvar）量测，有功功率，单位单位128,0-0-0-6-19-1-37-0-0-0-0-0-0-0-128-3,0,0,0,6,19,1,37,0,0,0,0,0,0,0,128,3,2025-06-10 15:34:39,Excel完整库,表计
54,B相表计反向有功功率（kvar）,表计设备的B相表计反向有功功率（kvar）量测，有功功率，单位单位64,0-0-0-6-19-1-37-0-0-0-0-0-0-0-64-3,0,0,0,6,19,1,37,0,0,0,0,0,0,0,64,3,2025-06-10 15:34:39,Excel完整库,表计
55,C相表计反向有功功率（kvar）,表计设备的C相表计反向有功功率（kvar）量测，有功功率，单位单位32,0-0-0-6-19-1-37-0-0-0-0-0-0-0-32-3,0,0,0,6,19,1,37,0,0,0,0,0,0,0,32,3,2025-06-10 15:34:39,Excel完整库,表计
56,A相表计净有功功率（kvar）,表计设备的A相表计净有功功率（kvar）量测，有功功率，单位单位128,0-0-0-6-4-1-37-0-0-0-0-0-0-0-128-3,0,0,0,6,4,1,37,0,0,0,0,0,0,0,128,3,2025-06-10 15:34:39,Excel完整库,表计
57,B相表计净有功功率（kvar）,表计设备的B相表计净有功功率（kvar）量测，有功功率，单位单位64,0-0-0-6-4-1-37-0-0-0-0-0-0-0-64-3,0,0,0,6,4,1,37,0,0,0,0,0,0,0,64,3,2025-06-10 15:34:39,Excel完整库,表计
58,C相表计净有功功率（kvar）,表计设备的C相表计净有功功率（kvar）量测，有功功率，单位单位32,0-0-0-6-4-1-37-0-0-0-0-0-0-0-32-3,0,0,0,6,4,1,37,0,0,0,0,0,0,0,32,3,2025-06-10 15:34:39,Excel完整库,表计
59,A相表计视在功率（kVA）,表计设备的A相表计视在功率（kVA）量测，有功功率，单位单位128,0-0-0-6-0-1-37-0-0-0-0-0-0-0-128-3,0,0,0,6,0,1,37,0,0,0,0,0,0,0,128,3,2025-06-10 15:34:39,Excel完整库,表计
60,B相表计视在功率（kVA）,表计设备的B相表计视在功率（kVA）量测，有功功率，单位单位64,0-0-0-6-0-1-37-0-0-0-0-0-0-0-64-3,0,0,0,6,0,1,37,0,0,0,0,0,0,0,64,3,2025-06-10 15:34:39,Excel完整库,表计
61,C相表计视在功率（kVA）,表计设备的C相表计视在功率（kVA）量测，有功功率，单位单位32,0-0-0-6-0-1-37-0-0-0-0-0-0-0-32-3,0,0,0,6,0,1,37,0,0,0,0,0,0,0,32,3,2025-06-10 15:34:39,Excel完整库,表计
62,三相表计总视在功率（kVA）,表计设备的三相表计总视在功率（kVA）量测，有功功率，单位单位224,0-0-0-6-0-1-37-0-0-0-0-0-0-0-224-3,0,0,0,6,0,1,37,0,0,0,0,0,0,0,224,3,2025-06-10 15:34:39,Excel完整库,表计
63,三相表计总功率因数,表计设备的三相表计总功率因数量测，需量，单位单位224,0-0-0-6-0-1-38-0-0-0-0-0-0-0-224-0,0,0,0,6,0,1,38,0,0,0,0,0,0,0,224,0,2025-06-10 15:34:39,Excel完整库,表计
64,A相功率因数,表计设备的A相功率因数量测，需量，单位单位128,0-0-0-6-0-1-38-0-0-0-0-0-0-0-128-0,0,0,0,6,0,1,38,0,0,0,0,0,0,0,128,0,2025-06-10 15:34:39,Excel完整库,表计
65,B相功率因数,表计设备的B相功率因数量测，需量，单位单位64,0-0-0-6-0-1-38-0-0-0-0-0-0-0-64-0,0,0,0,6,0,1,38,0,0,0,0,0,0,0,64,0,2025-06-10 15:34:39,Excel完整库,表计
66,C相功率因数,表计设备的C相功率因数量测，需量，单位单位32,0-0-0-6-0-1-38-0-0-0-0-0-0-0-32-0,0,0,0,6,0,1,38,0,0,0,0,0,0,0,32,0,2025-06-10 15:34:39,Excel完整库,表计
67,三相表计频率,表计设备的三相表计频率量测，视在功率，单位单位224,0-0-0-6-0-1-15-0-0-0-0-0-0-0-224-0,0,0,0,6,0,1,15,0,0,0,0,0,0,0,224,0,2025-06-10 15:34:39,Excel完整库,表计
68,三相表计平均线电压,表计设备的三相表计平均线电压量测，电压，单位单位224,0-2-0-6-0-1-158-0-0-0-0-0-0-0-224-0,0,2,0,6,0,1,158,0,0,0,0,0,0,0,224,0,2025-06-10 15:34:39,Excel完整库,表计
69,电池总容量(kah),储能设备的电池总容量(kah)量测，状态,0-0-0-1-0-41-119-0-0-1-1-0-0-0-0-3,0,0,0,1,0,41,119,0,0,1,1,0,0,0,0,3,2025-06-10 15:34:39,Excel完整库,储能
70,PCS充放电状态,储能设备的PCS充放电状态量测,0-0-0-0-20-1-0-0-0-0-0-0-0-0-0-0,0,0,0,0,20,1,0,0,0,0,0,0,0,0,0,0,2025-06-10 15:34:39,Excel完整库,储能
71,系统故障,储能设备的系统故障量测，状态,0-0-0-0-0-41-118-0-0-0-0-0-0-0-0-0,0,0,0,0,0,41,118,0,0,0,0,0,0,0,0,0,2025-06-10 15:34:39,Excel完整库,储能
72,在线状态,储能设备的在线状态量测，温度,0-0-0-0-0-3-139-0-0-0-0-0-0-0-0-0,0,0,0,0,0,3,139,0,0,0,0,0,0,0,0,0,2025-06-10 15:34:39,Excel完整库,储能
73,电池运行状态,储能设备的电池运行状态量测，温度,0-0-15-0-0-41-139-0-0-0-0-0-0-0-0-0,0,0,15,0,0,41,139,0,0,0,0,0,0,0,0,0,2025-06-10 15:34:39,Excel完整库,储能
74,电池绝缘电阻R+,储能设备的电池绝缘电阻R+量测,0-0-15-0-1-41-0-0-0-0-0-0-0-0-0-0,0,0,15,0,1,41,0,0,0,0,0,0,0,0,0,0,2025-06-10 15:34:39,Excel完整库,储能
75,电池绝缘电阻R-,储能设备的电池绝缘电阻R-量测,0-0-15-0-19-41-0-0-0-0-0-0-0-0-0-0,0,0,15,0,19,41,0,0,0,0,0,0,0,0,0,0,2025-06-10 15:34:39,Excel完整库,储能
76,电池总电压,储能设备的电池总电压量测，电压,0-26-15-1-0-41-158-0-0-0-0-0-0-0-0-0,0,26,15,1,0,41,158,0,0,0,0,0,0,0,0,0,2025-06-10 15:34:39,Excel完整库,储能
77,电池总电流,储能设备的电池总电流量测，测量3,0-26-15-1-1-41-3-0-0-0-0-0-0-0-0-0,0,26,15,1,1,41,3,0,0,0,0,0,0,0,0,0,2025-06-10 15:34:39,Excel完整库,储能
78,电池最低温度,储能设备的电池最低温度量测，频率,0-9-15-0-0-41-46-0-0-0-0-0-0-0-0-0,0,9,15,0,0,41,46,0,0,0,0,0,0,0,0,0,2025-06-10 15:34:39,Excel完整库,储能
79,电池最高温度,储能设备的电池最高温度量测，频率,0-8-15-0-0-41-46-0-0-0-0-0-0-0-0-0,0,8,15,0,0,41,46,0,0,0,0,0,0,0,0,0,2025-06-10 15:34:39,Excel完整库,储能
80,电池平均温度,储能设备的电池平均温度量测，频率,0-2-15-0-0-41-46-0-0-0-0-0-0-0-0-0,0,2,15,0,0,41,46,0,0,0,0,0,0,0,0,0,2025-06-10 15:34:39,Excel完整库,储能
81,电池温度,储能设备的电池温度量测，频率,0-0-15-0-0-41-46-0-0-1-1-0-0-0-0-0,0,0,15,0,0,41,46,0,0,1,1,0,0,0,0,0,2025-06-10 15:34:39,Excel完整库,储能
82,并/离网状态,储能设备的并/离网状态量测，测量11,0-0-0-0-0-2-11-0-0-0-0-0-0-0-0-0,0,0,0,0,0,2,11,0,0,0,0,0,0,0,0,0,2025-06-10 15:34:39,Excel完整库,储能
83,就地/远方状态,储能设备的就地/远方状态量测，测量904,0-0-0-0-0-2-904-0-0-0-0-0-0-0-0-0,0,0,0,0,0,2,904,0,0,0,0,0,0,0,0,0,2025-06-10 15:34:39,Excel完整库,储能
84,本地EMS计划执行曲线,储能设备的本地EMS计划执行曲线量测，有功功率,0-4-2-10-4-41-37-0-0-0-0-0-0-0-0-3,0,4,2,10,4,41,37,0,0,0,0,0,0,0,0,3,2025-06-10 15:34:39,Excel完整库,储能
85,负荷跟踪使能,储能设备的负荷跟踪使能量测，测量11,0-0-0-0-0-41-11-0-0-1-1-0-0-0-0-0,0,0,0,0,0,41,11,0,0,1,1,0,0,0,0,0,2025-06-10 15:34:39,Excel完整库,储能
86,逆流跟踪使能,储能设备的逆流跟踪使能量测，测量11,0-0-0-0-19-41-11-0-0-2-1-0-0-0-0-0,0,0,0,0,19,41,11,0,0,2,1,0,0,0,0,0,2025-06-10 15:34:39,Excel完整库,储能
87,变压器需量使能,储能设备的变压器需量使能量测，测量11,0-0-0-0-0-41-11-0-0-3-1-0-0-0-0-0,0,0,0,0,0,41,11,0,0,3,1,0,0,0,0,0,2025-06-10 15:34:39,Excel完整库,储能
88,DOD防护使能,储能设备的DOD防护使能量测，测量11,0-0-0-0-0-41-11-0-0-4-1-0-0-0-0-0,0,0,0,0,0,41,11,0,0,4,1,0,0,0,0,0,2025-06-10 15:34:39,Excel完整库,储能
89,需量控制系数,储能设备的需量控制系数量测，测量121,13-0-0-0-0-41-121-0-0-0-0-0-0-0-0-0,13,0,0,0,0,41,121,0,0,0,0,0,0,0,0,0,2025-06-10 15:34:39,Excel完整库,储能
90,防逆流余量,储能设备的防逆流余量量测，充电状态,0-0-0-0-19-41-183-0-0-0-0-0-0-0-0-3,0,0,0,0,19,41,183,0,0,0,0,0,0,0,0,3,2025-06-10 15:34:39,Excel完整库,储能
91,–24,告警设备的–24量测，状态,0-0-15-0-0-41-118-0-0-3-1-0-0-0-0-0,0,0,15,0,0,41,118,0,0,3,1,0,0,0,0,0,2025-06-10 15:34:39,Excel完整库,告警
92,–24,告警设备的–24量测，状态,0-0-15-0-0-41-118-0-0-4-1-0-0-0-0-0,0,0,15,0,0,41,118,0,0,4,1,0,0,0,0,0,2025-06-10 15:34:39,Excel完整库,告警
93,–24,告警设备的–24量测，状态,0-0-15-0-0-41-118-0-0-5-1-0-0-0-0-0,0,0,15,0,0,41,118,0,0,5,1,0,0,0,0,0,2025-06-10 15:34:39,Excel完整库,告警
94,–24,告警设备的–24量测，状态,0-0-15-0-0-41-118-0-0-6-1-0-0-0-0-0,0,0,15,0,0,41,118,0,0,6,1,0,0,0,0,0,2025-06-10 15:34:39,Excel完整库,告警
95,–24,告警设备的–24量测，状态,0-0-15-0-0-41-118-0-0-7-1-0-0-0-0-0,0,0,15,0,0,41,118,0,0,7,1,0,0,0,0,0,2025-06-10 15:34:39,Excel完整库,告警
96,–24,告警设备的–24量测，状态,0-0-15-0-0-41-118-0-0-8-1-0-0-0-0-0,0,0,15,0,0,41,118,0,0,8,1,0,0,0,0,0,2025-06-10 15:34:39,Excel完整库,告警
97,–24,告警设备的–24量测，状态,0-0-15-0-0-41-118-0-0-9-1-0-0-0-0-0,0,0,15,0,0,41,118,0,0,9,1,0,0,0,0,0,2025-06-10 15:34:39,Excel完整库,告警
98,–24,告警设备的–24量测，状态,0-0-15-0-0-41-118-0-0-10-1-0-0-0-0-0,0,0,15,0,0,41,118,0,0,10,1,0,0,0,0,0,2025-06-10 15:34:39,Excel完整库,告警
99,–24,告警设备的–24量测，状态,0-0-15-0-0-41-118-0-0-11-1-0-0-0-0-0,0,0,15,0,0,41,118,0,0,11,1,0,0,0,0,0,2025-06-10 15:34:39,Excel完整库,告警
100,–24,告警设备的–24量测，状态,0-0-15-0-0-41-118-0-0-12-1-0-0-0-0-0,0,0,15,0,0,41,118,0,0,12,1,0,0,0,0,0,2025-06-10 15:34:39,Excel完整库,告警
101,–24,告警设备的–24量测，状态,0-0-15-0-0-41-118-0-0-13-1-0-0-0-0-0,0,0,15,0,0,41,118,0,0,13,1,0,0,0,0,0,2025-06-10 15:34:39,Excel完整库,告警
102,–24,告警设备的–24量测，状态,0-0-15-0-0-41-118-0-0-14-1-0-0-0-0-0,0,0,15,0,0,41,118,0,0,14,1,0,0,0,0,0,2025-06-10 15:34:39,Excel完整库,告警
103,–24,告警设备的–24量测，状态,0-0-15-0-0-41-118-0-0-15-1-0-0-0-0-0,0,0,15,0,0,41,118,0,0,15,1,0,0,0,0,0,2025-06-10 15:34:39,Excel完整库,告警
104,–24,告警设备的–24量测，状态,0-0-15-0-0-41-118-0-0-16-1-0-0-0-0-0,0,0,15,0,0,41,118,0,0,16,1,0,0,0,0,0,2025-06-10 15:34:39,Excel完整库,告警
105,–24,告警设备的–24量测，状态,0-0-15-0-0-41-118-0-0-17-1-0-0-0-0-0,0,0,15,0,0,41,118,0,0,17,1,0,0,0,0,0,2025-06-10 15:34:39,Excel完整库,告警
106,–24,告警设备的–24量测，状态,0-0-15-0-0-41-118-0-0-18-1-0-0-0-0-0,0,0,15,0,0,41,118,0,0,18,1,0,0,0,0,0,2025-06-10 15:34:39,Excel完整库,告警
107,–24,告警设备的–24量测，状态,0-0-15-0-0-41-118-0-0-19-1-0-0-0-0-0,0,0,15,0,0,41,118,0,0,19,1,0,0,0,0,0,2025-06-10 15:34:39,Excel完整库,告警
108,–24,告警设备的–24量测，状态,0-0-15-0-0-41-118-0-0-20-1-0-0-0-0-0,0,0,15,0,0,41,118,0,0,20,1,0,0,0,0,0,2025-06-10 15:34:39,Excel完整库,告警
109,–24,告警设备的–24量测，状态,0-0-15-0-0-41-118-0-0-21-1-0-0-0-0-0,0,0,15,0,0,41,118,0,0,21,1,0,0,0,0,0,2025-06-10 15:34:39,Excel完整库,告警
110,–24,告警设备的–24量测，状态,0-0-15-0-0-41-118-0-0-22-1-0-0-0-0-0,0,0,15,0,0,41,118,0,0,22,1,0,0,0,0,0,2025-06-10 15:34:39,Excel完整库,告警
111,–24,告警设备的–24量测，状态,0-0-15-0-0-41-118-0-0-23-1-0-0-0-0-0,0,0,15,0,0,41,118,0,0,23,1,0,0,0,0,0,2025-06-10 15:34:39,Excel完整库,告警
112,–24,告警设备的–24量测，状态,0-0-15-0-0-41-118-0-0-24-1-0-0-0-0-0,0,0,15,0,0,41,118,0,0,24,1,0,0,0,0,0,2025-06-10 15:34:39,Excel完整库,告警
113,–24,告警设备的–24量测，状态,0-0-15-0-0-41-118-0-0-25-1-0-0-0-0-0,0,0,15,0,0,41,118,0,0,25,1,0,0,0,0,0,2025-06-10 15:34:39,Excel完整库,告警
114,–24,告警设备的–24量测，状态,0-0-15-0-0-41-118-0-0-26-1-0-0-0-0-0,0,0,15,0,0,41,118,0,0,26,1,0,0,0,0,0,2025-06-10 15:34:39,Excel完整库,告警
115,–24,告警设备的–24量测，状态,0-0-15-0-0-41-118-0-0-27-1-0-0-0-0-0,0,0,15,0,0,41,118,0,0,27,1,0,0,0,0,0,2025-06-10 15:34:39,Excel完整库,告警
116,–24,告警设备的–24量测，状态,0-0-15-0-0-41-118-0-0-28-1-0-0-0-0-0,0,0,15,0,0,41,118,0,0,28,1,0,0,0,0,0,2025-06-10 15:34:39,Excel完整库,告警
117,–24,告警设备的–24量测，状态,0-0-15-0-0-41-118-0-0-29-1-0-0-0-0-0,0,0,15,0,0,41,118,0,0,29,1,0,0,0,0,0,2025-06-10 15:34:39,Excel完整库,告警
118,–24,告警设备的–24量测，状态,0-0-15-0-0-41-118-0-0-30-1-0-0-0-0-0,0,0,15,0,0,41,118,0,0,30,1,0,0,0,0,0,2025-06-10 15:34:39,Excel完整库,告警
119,–24,告警设备的–24量测，状态,0-0-15-0-0-41-118-0-0-31-1-0-0-0-0-0,0,0,15,0,0,41,118,0,0,31,1,0,0,0,0,0,2025-06-10 15:34:39,Excel完整库,告警
120,–24,告警设备的–24量测，状态,0-0-15-0-0-41-118-0-0-32-1-0-0-0-0-0,0,0,15,0,0,41,118,0,0,32,1,0,0,0,0,0,2025-06-10 15:34:39,Excel完整库,告警
121,–24,告警设备的–24量测，状态,0-0-15-0-0-41-118-0-0-33-1-0-0-0-0-0,0,0,15,0,0,41,118,0,0,33,1,0,0,0,0,0,2025-06-10 15:34:39,Excel完整库,告警
122,–24,告警设备的–24量测，状态,0-0-15-0-0-41-118-0-0-34-1-0-0-0-0-0,0,0,15,0,0,41,118,0,0,34,1,0,0,0,0,0,2025-06-10 15:34:39,Excel完整库,告警
123,–24,告警设备的–24量测，状态,0-0-15-0-0-41-118-0-0-35-1-0-0-0-0-0,0,0,15,0,0,41,118,0,0,35,1,0,0,0,0,0,2025-06-10 15:34:39,Excel完整库,告警
124,–24,告警设备的–24量测，状态,0-0-15-0-0-41-118-0-0-36-1-0-0-0-0-0,0,0,15,0,0,41,118,0,0,36,1,0,0,0,0,0,2025-06-10 15:34:39,Excel完整库,告警
125,–24,告警设备的–24量测，状态,0-0-15-0-0-41-118-0-0-37-1-0-0-0-0-0,0,0,15,0,0,41,118,0,0,37,1,0,0,0,0,0,2025-06-10 15:34:39,Excel完整库,告警
126,–24,告警设备的–24量测，状态,0-0-15-0-0-41-118-0-0-38-1-0-0-0-0-0,0,0,15,0,0,41,118,0,0,38,1,0,0,0,0,0,2025-06-10 15:34:39,Excel完整库,告警
127,–24,告警设备的–24量测，状态,0-0-15-0-0-41-118-0-0-39-1-0-0-0-0-0,0,0,15,0,0,41,118,0,0,39,1,0,0,0,0,0,2025-06-10 15:34:39,Excel完整库,告警
128,–24,告警设备的–24量测，状态,0-0-15-0-0-41-118-0-0-40-1-0-0-0-0-0,0,0,15,0,0,41,118,0,0,40,1,0,0,0,0,0,2025-06-10 15:34:39,Excel完整库,告警
129,–24,告警设备的–24量测，状态,0-0-15-0-0-41-118-0-0-41-1-0-0-0-0-0,0,0,15,0,0,41,118,0,0,41,1,0,0,0,0,0,2025-06-10 15:34:39,Excel完整库,告警
130,–24,告警设备的–24量测，状态,0-0-15-0-0-41-118-0-0-42-1-0-0-0-0-0,0,0,15,0,0,41,118,0,0,42,1,0,0,0,0,0,2025-06-10 15:34:39,Excel完整库,告警
131,–24,告警设备的–24量测，状态,0-0-15-0-0-41-118-0-0-43-1-0-0-0-0-0,0,0,15,0,0,41,118,0,0,43,1,0,0,0,0,0,2025-06-10 15:34:39,Excel完整库,告警
132,–24,告警设备的–24量测，状态,0-0-15-0-0-41-118-0-0-44-1-0-0-0-0-0,0,0,15,0,0,41,118,0,0,44,1,0,0,0,0,0,2025-06-10 15:34:39,Excel完整库,告警
133,–24,告警设备的–24量测，状态,0-0-15-0-0-41-118-0-0-45-1-0-0-0-0-0,0,0,15,0,0,41,118,0,0,45,1,0,0,0,0,0,2025-06-10 15:34:39,Excel完整库,告警
134,–24,告警设备的–24量测，状态,0-0-15-0-0-41-118-0-0-46-1-0-0-0-0-0,0,0,15,0,0,41,118,0,0,46,1,0,0,0,0,0,2025-06-10 15:34:39,Excel完整库,告警
135,–24,告警设备的–24量测，状态,0-0-15-0-0-41-118-0-0-47-1-0-0-0-0-0,0,0,15,0,0,41,118,0,0,47,1,0,0,0,0,0,2025-06-10 15:34:39,Excel完整库,告警
136,–24,告警设备的–24量测，状态,0-0-15-0-0-41-118-0-0-48-1-0-0-0-0-0,0,0,15,0,0,41,118,0,0,48,1,0,0,0,0,0,2025-06-10 15:34:39,Excel完整库,告警
137,–24,告警设备的–24量测，状态,0-0-15-0-0-41-118-0-0-49-1-0-0-0-0-0,0,0,15,0,0,41,118,0,0,49,1,0,0,0,0,0,2025-06-10 15:34:39,Excel完整库,告警
138,–24,告警设备的–24量测，状态,0-0-15-0-0-41-118-0-0-50-1-0-0-0-0-0,0,0,15,0,0,41,118,0,0,50,1,0,0,0,0,0,2025-06-10 15:34:39,Excel完整库,告警
139,–24,告警设备的–24量测，状态,0-0-15-0-0-41-118-0-0-51-1-0-0-0-0-0,0,0,15,0,0,41,118,0,0,51,1,0,0,0,0,0,2025-06-10 15:34:39,Excel完整库,告警
140,–24,告警设备的–24量测，状态,0-0-15-0-0-41-118-0-0-52-1-0-0-0-0-0,0,0,15,0,0,41,118,0,0,52,1,0,0,0,0,0,2025-06-10 15:34:39,Excel完整库,告警
141,–24,告警设备的–24量测，状态,0-0-15-0-0-41-118-0-0-53-1-0-0-0-0-0,0,0,15,0,0,41,118,0,0,53,1,0,0,0,0,0,2025-06-10 15:34:39,Excel完整库,告警
142,–24,告警设备的–24量测，状态,0-0-15-0-0-41-118-0-0-54-1-0-0-0-0-0,0,0,15,0,0,41,118,0,0,54,1,0,0,0,0,0,2025-06-10 15:34:39,Excel完整库,告警
143,–24,告警设备的–24量测，状态,0-0-15-0-0-41-118-0-0-55-1-0-0-0-0-0,0,0,15,0,0,41,118,0,0,55,1,0,0,0,0,0,2025-06-10 15:34:39,Excel完整库,告警
144,–24,告警设备的–24量测，状态,0-0-15-0-0-41-118-0-0-56-1-0-0-0-0-0,0,0,15,0,0,41,118,0,0,56,1,0,0,0,0,0,2025-06-10 15:34:39,Excel完整库,告警
145,–24,告警设备的–24量测，状态,0-0-15-0-0-41-118-0-0-57-1-0-0-0-0-0,0,0,15,0,0,41,118,0,0,57,1,0,0,0,0,0,2025-06-10 15:34:39,Excel完整库,告警
146,–24,告警设备的–24量测，状态,0-0-15-0-0-41-118-0-0-58-1-0-0-0-0-0,0,0,15,0,0,41,118,0,0,58,1,0,0,0,0,0,2025-06-10 15:34:39,Excel完整库,告警
147,–24,告警设备的–24量测，状态,0-0-15-0-0-41-118-0-0-59-1-0-0-0-0-0,0,0,15,0,0,41,118,0,0,59,1,0,0,0,0,0,2025-06-10 15:34:39,Excel完整库,告警
148,–24,告警设备的–24量测，状态,0-0-15-0-0-41-118-0-0-60-1-0-0-0-0-0,0,0,15,0,0,41,118,0,0,60,1,0,0,0,0,0,2025-06-10 15:34:39,Excel完整库,告警
149,–24,告警设备的–24量测，状态,0-0-15-0-0-41-118-0-0-61-1-0-0-0-0-0,0,0,15,0,0,41,118,0,0,61,1,0,0,0,0,0,2025-06-10 15:34:39,Excel完整库,告警
150,–24,告警设备的–24量测，状态,0-0-15-0-0-41-118-0-0-62-1-0-0-0-0-0,0,0,15,0,0,41,118,0,0,62,1,0,0,0,0,0,2025-06-10 15:34:39,Excel完整库,告警
151,–24,告警设备的–24量测，状态,0-0-15-0-0-41-118-0-0-63-1-0-0-0-0-0,0,0,15,0,0,41,118,0,0,63,1,0,0,0,0,0,2025-06-10 15:34:39,Excel完整库,告警
152,–24,告警设备的–24量测，状态,0-0-15-0-0-41-118-0-0-64-1-0-0-0-0-0,0,0,15,0,0,41,118,0,0,64,1,0,0,0,0,0,2025-06-10 15:34:39,Excel完整库,告警
153,–24,告警设备的–24量测，状态,0-0-15-0-0-41-118-0-0-65-1-0-0-0-0-0,0,0,15,0,0,41,118,0,0,65,1,0,0,0,0,0,2025-06-10 15:34:39,Excel完整库,告警
154,–24,告警设备的–24量测，状态,0-0-15-0-0-41-118-0-0-66-1-0-0-0-0-0,0,0,15,0,0,41,118,0,0,66,1,0,0,0,0,0,2025-06-10 15:34:39,Excel完整库,告警
155,–24,告警设备的–24量测，状态,0-0-15-0-0-41-118-0-0-67-1-0-0-0-0-0,0,0,15,0,0,41,118,0,0,67,1,0,0,0,0,0,2025-06-10 15:34:39,Excel完整库,告警
156,–24,告警设备的–24量测，状态,0-0-15-0-0-41-118-0-0-68-1-0-0-0-0-0,0,0,15,0,0,41,118,0,0,68,1,0,0,0,0,0,2025-06-10 15:34:39,Excel完整库,告警
157,–24,告警设备的–24量测，状态,0-0-15-0-0-41-118-0-0-69-1-0-0-0-0-0,0,0,15,0,0,41,118,0,0,69,1,0,0,0,0,0,2025-06-10 15:34:39,Excel完整库,告警
158,–24,告警设备的–24量测，状态,0-0-15-0-0-41-118-0-0-70-1-0-0-0-0-0,0,0,15,0,0,41,118,0,0,70,1,0,0,0,0,0,2025-06-10 15:34:39,Excel完整库,告警
159,–24,告警设备的–24量测，状态,0-0-15-0-0-41-118-0-0-71-1-0-0-0-0-0,0,0,15,0,0,41,118,0,0,71,1,0,0,0,0,0,2025-06-10 15:34:39,Excel完整库,告警
160,–24,告警设备的–24量测，状态,0-0-15-0-0-41-118-0-0-72-1-0-0-0-0-0,0,0,15,0,0,41,118,0,0,72,1,0,0,0,0,0,2025-06-10 15:34:39,Excel完整库,告警
161,–24,告警设备的–24量测，状态,0-0-15-0-0-41-118-0-0-73-1-0-0-0-0-0,0,0,15,0,0,41,118,0,0,73,1,0,0,0,0,0,2025-06-10 15:34:39,Excel完整库,告警
162,–24,告警设备的–24量测，状态,0-0-15-0-0-41-118-0-0-74-1-0-0-0-0-0,0,0,15,0,0,41,118,0,0,74,1,0,0,0,0,0,2025-06-10 15:34:39,Excel完整库,告警
163,单体电池放电欠温2级报警,告警设备的单体电池放电欠温2级报警量测，状态,0-0-15-0-0-41-118-0-0-75-1-0-0-0-0-0,0,0,15,0,0,41,118,0,0,75,1,0,0,0,0,0,2025-06-10 15:34:39,Excel完整库,告警
164,单体电池放电欠温3级报警,告警设备的单体电池放电欠温3级报警量测，状态,0-0-15-0-0-41-118-0-0-76-1-0-0-0-0-0,0,0,15,0,0,41,118,0,0,76,1,0,0,0,0,0,2025-06-10 15:34:39,Excel完整库,告警
165,SOC过高1级告警,告警设备的SOC过高1级告警量测，状态,0-0-15-0-0-41-118-0-0-77-1-0-0-0-0-0,0,0,15,0,0,41,118,0,0,77,1,0,0,0,0,0,2025-06-10 15:34:39,Excel完整库,告警
166,SOC过高2级告警,告警设备的SOC过高2级告警量测，状态,0-0-15-0-0-41-118-0-0-78-1-0-0-0-0-0,0,0,15,0,0,41,118,0,0,78,1,0,0,0,0,0,2025-06-10 15:34:39,Excel完整库,告警
167,SOC过高3级告警,告警设备的SOC过高3级告警量测，状态,0-0-15-0-0-41-118-0-0-79-1-0-0-0-0-0,0,0,15,0,0,41,118,0,0,79,1,0,0,0,0,0,2025-06-10 15:34:39,Excel完整库,告警
168,温升快报警1级报警,告警设备的温升快报警1级报警量测，状态,0-0-15-0-0-41-118-0-0-80-1-0-0-0-0-0,0,0,15,0,0,41,118,0,0,80,1,0,0,0,0,0,2025-06-10 15:34:39,Excel完整库,告警
169,温升快报警2级报警,告警设备的温升快报警2级报警量测，状态,0-0-15-0-0-41-118-0-0-81-1-0-0-0-0-0,0,0,15,0,0,41,118,0,0,81,1,0,0,0,0,0,2025-06-10 15:34:39,Excel完整库,告警
170,温升快报警3级报警,告警设备的温升快报警3级报警量测，状态,0-0-15-0-0-41-118-0-0-82-1-0-0-0-0-0,0,0,15,0,0,41,118,0,0,82,1,0,0,0,0,0,2025-06-10 15:34:39,Excel完整库,告警
171,预充失败,告警设备的预充失败量测，状态,0-0-15-0-0-41-118-0-0-83-1-0-0-0-0-0,0,0,15,0,0,41,118,0,0,83,1,0,0,0,0,0,2025-06-10 15:34:39,Excel完整库,告警
172,单体温度采集故障一级告警,告警设备的单体温度采集故障一级告警量测，状态,0-0-15-0-0-41-118-0-0-84-1-0-0-0-0-0,0,0,15,0,0,41,118,0,0,84,1,0,0,0,0,0,2025-06-10 15:34:39,Excel完整库,告警
173,单体温度采集故障二级告警,告警设备的单体温度采集故障二级告警量测，状态,0-0-15-0-0-41-118-0-0-85-1-0-0-0-0-0,0,0,15,0,0,41,118,0,0,85,1,0,0,0,0,0,2025-06-10 15:34:39,Excel完整库,告警
174,从控内温差大1 级报警,告警设备的从控内温差大1 级报警量测，状态,0-0-15-0-0-41-118-0-0-86-1-0-0-0-0-0,0,0,15,0,0,41,118,0,0,86,1,0,0,0,0,0,2025-06-10 15:34:39,Excel完整库,告警
175,从控内温差大2级报警,告警设备的从控内温差大2级报警量测，状态,0-0-15-0-0-41-118-0-0-87-1-0-0-0-0-0,0,0,15,0,0,41,118,0,0,87,1,0,0,0,0,0,2025-06-10 15:34:39,Excel完整库,告警
176,从控内温差大3级报警,告警设备的从控内温差大3级报警量测，状态,0-0-15-0-0-41-118-0-0-88-1-0-0-0-0-0,0,0,15,0,0,41,118,0,0,88,1,0,0,0,0,0,2025-06-10 15:34:39,Excel完整库,告警
177,从控内压差大1级报警,告警设备的从控内压差大1级报警量测，状态,0-0-15-0-0-41-118-0-0-89-1-0-0-0-0-0,0,0,15,0,0,41,118,0,0,89,1,0,0,0,0,0,2025-06-10 15:34:39,Excel完整库,告警
178,从控内压差大2级报警,告警设备的从控内压差大2级报警量测，状态,0-0-15-0-0-41-118-0-0-90-1-0-0-0-0-0,0,0,15,0,0,41,118,0,0,90,1,0,0,0,0,0,2025-06-10 15:34:39,Excel完整库,告警
179,从控内压差大3级报警,告警设备的从控内压差大3级报警量测，状态,0-0-15-0-0-41-118-0-0-91-1-0-0-0-0-0,0,0,15,0,0,41,118,0,0,91,1,0,0,0,0,0,2025-06-10 15:34:39,Excel完整库,告警
180,从控总压压差大1级报警,告警设备的从控总压压差大1级报警量测，状态,0-0-15-0-0-41-118-0-0-92-1-0-0-0-0-0,0,0,15,0,0,41,118,0,0,92,1,0,0,0,0,0,2025-06-10 15:34:39,Excel完整库,告警
181,从控总压压差大2级报警,告警设备的从控总压压差大2级报警量测，状态,0-0-15-0-0-41-118-0-0-93-1-0-0-0-0-0,0,0,15,0,0,41,118,0,0,93,1,0,0,0,0,0,2025-06-10 15:34:39,Excel完整库,告警
182,从控总压压差大3级报警,告警设备的从控总压压差大3级报警量测，状态,0-0-15-0-0-41-118-0-0-94-1-0-0-0-0-0,0,0,15,0,0,41,118,0,0,94,1,0,0,0,0,0,2025-06-10 15:34:39,Excel完整库,告警
183,DBC使能开启,告警设备的DBC使能开启量测，状态,0-0-15-0-0-41-118-0-0-95-1-0-0-0-0-0,0,0,15,0,0,41,118,0,0,95,1,0,0,0,0,0,2025-06-10 15:34:39,Excel完整库,告警
184,菊花链单环故障,告警设备的菊花链单环故障量测，状态,0-0-15-0-0-41-118-0-0-96-1-0-0-0-0-0,0,0,15,0,0,41,118,0,0,96,1,0,0,0,0,0,2025-06-10 15:34:39,Excel完整库,告警
185,单体电压采集芯片故障,告警设备的单体电压采集芯片故障量测，状态,0-0-15-0-0-41-118-0-0-97-1-0-0-0-0-0,0,0,15,0,0,41,118,0,0,97,1,0,0,0,0,0,2025-06-10 15:34:39,Excel完整库,告警
186,极柱温度采集故障1级报警,告警设备的极柱温度采集故障1级报警量测，状态,0-0-15-0-0-41-118-0-0-98-1-0-0-0-0-0,0,0,15,0,0,41,118,0,0,98,1,0,0,0,0,0,2025-06-10 15:34:39,Excel完整库,告警
187,极柱温度采集故障2级报警,告警设备的极柱温度采集故障2级报警量测，状态,0-0-15-0-0-41-118-0-0-99-1-0-0-0-0-0,0,0,15,0,0,41,118,0,0,99,1,0,0,0,0,0,2025-06-10 15:34:39,Excel完整库,告警
188,极柱温度采集故障3级报警,告警设备的极柱温度采集故障3级报警量测，状态,0-0-15-0-0-41-118-0-0-100-1-0-0-0-0-0,0,0,15,0,0,41,118,0,0,100,1,0,0,0,0,0,2025-06-10 15:34:39,Excel完整库,告警
189,主控供电过压故障,告警设备的主控供电过压故障量测，状态,0-0-15-0-0-41-118-0-0-101-1-0-0-0-0-0,0,0,15,0,0,41,118,0,0,101,1,0,0,0,0,0,2025-06-10 15:34:39,Excel完整库,告警
190,主控供电欠压故障,告警设备的主控供电欠压故障量测，状态,0-0-15-0-0-41-118-0-0-102-1-0-0-0-0-0,0,0,15,0,0,41,118,0,0,102,1,0,0,0,0,0,2025-06-10 15:34:39,Excel完整库,告警
191,主控程序运行故障,告警设备的主控程序运行故障量测，状态,0-0-15-0-0-41-118-0-0-103-1-0-0-0-0-0,0,0,15,0,0,41,118,0,0,103,1,0,0,0,0,0,2025-06-10 15:34:39,Excel完整库,告警
192,从控程序运行故障,告警设备的从控程序运行故障量测，状态,0-0-15-0-0-41-118-0-0-104-1-0-0-0-0-0,0,0,15,0,0,41,118,0,0,104,1,0,0,0,0,0,2025-06-10 15:34:39,Excel完整库,告警
193,主控EEPROM故障,告警设备的主控EEPROM故障量测，状态,0-0-15-0-0-41-118-0-0-105-1-0-0-0-0-0,0,0,15,0,0,41,118,0,0,105,1,0,0,0,0,0,2025-06-10 15:34:39,Excel完整库,告警
194,主控Flash故障,告警设备的主控Flash故障量测，状态,0-0-15-0-0-41-118-0-0-106-1-0-0-0-0-0,0,0,15,0,0,41,118,0,0,106,1,0,0,0,0,0,2025-06-10 15:34:39,Excel完整库,告警
195,从控EEPROM故障,告警设备的从控EEPROM故障量测，状态,0-0-15-0-0-41-118-0-0-107-1-0-0-0-0-0,0,0,15,0,0,41,118,0,0,107,1,0,0,0,0,0,2025-06-10 15:34:39,Excel完整库,告警
196,单体电压不刷新,告警设备的单体电压不刷新量测，状态,0-0-15-0-0-41-118-0-0-108-1-0-0-0-0-0,0,0,15,0,0,41,118,0,0,108,1,0,0,0,0,0,2025-06-10 15:34:39,Excel完整库,告警
197,AFE供电故障,告警设备的AFE供电故障量测，状态,0-0-15-0-0-41-118-0-0-109-1-0-0-0-0-0,0,0,15,0,0,41,118,0,0,109,1,0,0,0,0,0,2025-06-10 15:34:39,Excel完整库,告警
198,主控12V输出电压故障,告警设备的主控12V输出电压故障量测，状态,0-0-15-0-0-41-118-0-0-110-1-0-0-0-0-0,0,0,15,0,0,41,118,0,0,110,1,0,0,0,0,0,2025-06-10 15:34:39,Excel完整库,告警
199,主控RTC故障,告警设备的主控RTC故障量测，状态,0-0-15-0-0-41-118-0-0-111-1-0-0-0-0-0,0,0,15,0,0,41,118,0,0,111,1,0,0,0,0,0,2025-06-10 15:34:39,Excel完整库,告警
200,CAB500故障,告警设备的CAB500故障量测，状态,0-0-15-0-0-41-118-0-0-112-1-0-0-0-0-0,0,0,15,0,0,41,118,0,0,112,1,0,0,0,0,0,2025-06-10 15:34:39,Excel完整库,告警
201,模拟量霍尔故障,告警设备的模拟量霍尔故障量测，状态,0-0-15-0-0-41-118-0-0-113-1-0-0-0-0-0,0,0,15,0,0,41,118,0,0,113,1,0,0,0,0,0,2025-06-10 15:34:39,Excel完整库,告警
202,电池总压检测电路故障,告警设备的电池总压检测电路故障量测，状态,0-0-15-0-0-41-118-0-0-114-1-0-0-0-0-0,0,0,15,0,0,41,118,0,0,114,1,0,0,0,0,0,2025-06-10 15:34:39,Excel完整库,告警
203,电池负载侧电压检测电路故障,告警设备的电池负载侧电压检测电路故障量测，状态,0-0-15-0-0-41-118-0-0-115-1-0-0-0-0-0,0,0,15,0,0,41,118,0,0,115,1,0,0,0,0,0,2025-06-10 15:34:39,Excel完整库,告警
204,绝缘电路故障,告警设备的绝缘电路故障量测，状态,0-0-15-0-0-41-118-0-0-116-1-0-0-0-0-0,0,0,15,0,0,41,118,0,0,116,1,0,0,0,0,0,2025-06-10 15:34:39,Excel完整库,告警
205,SOC跳变故障,告警设备的SOC跳变故障量测，状态,0-0-15-0-0-41-118-0-0-117-1-0-0-0-0-0,0,0,15,0,0,41,118,0,0,117,1,0,0,0,0,0,2025-06-10 15:34:39,Excel完整库,告警
206,电池簇充放电回路连接铜排虚接,告警设备的电池簇充放电回路连接铜排虚接量测，状态,0-0-15-0-0-41-118-0-0-118-1-0-0-0-0-0,0,0,15,0,0,41,118,0,0,118,1,0,0,0,0,0,2025-06-10 15:34:39,Excel完整库,告警
207,单体热失控预警,告警设备的单体热失控预警量测，状态,0-0-15-0-0-41-118-0-0-119-1-0-0-0-0-0,0,0,15,0,0,41,118,0,0,119,1,0,0,0,0,0,2025-06-10 15:34:39,Excel完整库,告警
208,极柱温差大1级报警,告警设备的极柱温差大1级报警量测，状态,0-0-15-0-0-41-118-0-0-120-1-0-0-0-0-0,0,0,15,0,0,41,118,0,0,120,1,0,0,0,0,0,2025-06-10 15:34:39,Excel完整库,告警
209,极柱温差大2级报警,告警设备的极柱温差大2级报警量测，状态,0-0-15-0-0-41-118-0-0-121-1-0-0-0-0-0,0,0,15,0,0,41,118,0,0,121,1,0,0,0,0,0,2025-06-10 15:34:39,Excel完整库,告警
210,极柱温差大3级报警,告警设备的极柱温差大3级报警量测，状态,0-0-15-0-0-41-118-0-0-122-1-0-0-0-0-0,0,0,15,0,0,41,118,0,0,122,1,0,0,0,0,0,2025-06-10 15:34:39,Excel完整库,告警
211,簇安全阀异常告警,告警设备的簇安全阀异常告警量测，状态,0-0-15-0-0-41-118-0-0-123-1-0-0-0-0-0,0,0,15,0,0,41,118,0,0,123,1,0,0,0,0,0,2025-06-10 15:34:39,Excel完整库,告警
212,系统告警状态,告警设备的系统告警状态量测，状态,0-0-15-0-0-41-118-0-0-124-1-0-0-0-0-0,0,0,15,0,0,41,118,0,0,124,1,0,0,0,0,0,2025-06-10 15:34:39,Excel完整库,告警
213,系统故障,告警设备的系统故障量测，状态,0-0-15-0-0-41-118-0-0-125-1-0-0-0-0-0,0,0,15,0,0,41,118,0,0,125,1,0,0,0,0,0,2025-06-10 15:34:39,Excel完整库,告警
214,硬件故障字1,告警设备的硬件故障字1量测，状态,0-0-15-0-0-41-118-0-0-126-1-0-0-0-0-0,0,0,15,0,0,41,118,0,0,126,1,0,0,0,0,0,2025-06-10 15:34:39,Excel完整库,告警
215,EPO故障,告警设备的EPO故障量测，状态,0-0-15-0-0-41-118-0-0-127-1-0-0-0-0-0,0,0,15,0,0,41,118,0,0,127,1,0,0,0,0,0,2025-06-10 15:34:39,Excel完整库,告警
216,IGBT硬件过流,告警设备的IGBT硬件过流量测，状态,0-0-15-0-0-41-118-0-0-128-1-0-0-0-0-0,0,0,15,0,0,41,118,0,0,128,1,0,0,0,0,0,2025-06-10 15:34:39,Excel完整库,告警
217,母线硬件过压,告警设备的母线硬件过压量测，状态,0-0-15-0-0-41-118-0-0-129-1-0-0-0-0-0,0,0,15,0,0,41,118,0,0,129,1,0,0,0,0,0,2025-06-10 15:34:39,Excel完整库,告警
218,功率模块逐波限流,告警设备的功率模块逐波限流量测，状态,0-0-15-0-0-41-118-0-0-130-1-0-0-0-0-0,0,0,15,0,0,41,118,0,0,130,1,0,0,0,0,0,2025-06-10 15:34:39,Excel完整库,告警
219,平衡模块硬件过流,告警设备的平衡模块硬件过流量测，状态,0-0-15-0-0-41-118-0-0-131-1-0-0-0-0-0,0,0,15,0,0,41,118,0,0,131,1,0,0,0,0,0,2025-06-10 15:34:39,Excel完整库,告警
220,硬件故障字2,告警设备的硬件故障字2量测，状态,0-0-15-0-0-41-118-0-0-132-1-0-0-0-0-0,0,0,15,0,0,41,118,0,0,132,1,0,0,0,0,0,2025-06-10 15:34:39,Excel完整库,告警
221,24V电源故障,告警设备的24V电源故障量测，状态,0-0-15-0-0-41-118-0-0-133-1-0-0-0-0-0,0,0,15,0,0,41,118,0,0,133,1,0,0,0,0,0,2025-06-10 15:34:39,Excel完整库,告警
222,风扇故障,告警设备的风扇故障量测，状态,0-0-15-0-0-41-118-0-0-134-1-0-0-0-0-0,0,0,15,0,0,41,118,0,0,134,1,0,0,0,0,0,2025-06-10 15:34:39,Excel完整库,告警
223,连接故障,告警设备的连接故障量测，状态,0-0-15-0-0-41-118-0-0-135-1-0-0-0-0-0,0,0,15,0,0,41,118,0,0,135,1,0,0,0,0,0,2025-06-10 15:34:39,Excel完整库,告警
224,外部输入干接点 3 故障,告警设备的外部输入干接点 3 故障量测，状态,0-0-15-0-0-41-118-0-0-136-1-0-0-0-0-0,0,0,15,0,0,41,118,0,0,136,1,0,0,0,0,0,2025-06-10 15:34:39,Excel完整库,告警
225,电感过温,告警设备的电感过温量测，状态,0-0-15-0-0-41-118-0-0-137-1-0-0-0-0-0,0,0,15,0,0,41,118,0,0,137,1,0,0,0,0,0,2025-06-10 15:34:39,Excel完整库,告警
226,功率模块过温,告警设备的功率模块过温量测，状态,0-0-15-0-0-41-118-0-0-138-1-0-0-0-0-0,0,0,15,0,0,41,118,0,0,138,1,0,0,0,0,0,2025-06-10 15:34:39,Excel完整库,告警
227,平衡模块过温,告警设备的平衡模块过温量测，状态,0-0-15-0-0-41-118-0-0-139-1-0-0-0-0-0,0,0,15,0,0,41,118,0,0,139,1,0,0,0,0,0,2025-06-10 15:34:39,Excel完整库,告警
228,15V电源故障,告警设备的15V电源故障量测，状态,0-0-15-0-0-41-118-0-0-140-1-0-0-0-0-0,0,0,15,0,0,41,118,0,0,140,1,0,0,0,0,0,2025-06-10 15:34:39,Excel完整库,告警
229,系统火警故障,告警设备的系统火警故障量测，状态,0-0-15-0-0-41-118-0-0-141-1-0-0-0-0-0,0,0,15,0,0,41,118,0,0,141,1,0,0,0,0,0,2025-06-10 15:34:39,Excel完整库,告警
230,外部输入干接点 1 故障；,告警设备的外部输入干接点 1 故障；量测，状态,0-0-15-0-0-41-118-0-0-142-1-0-0-0-0-0,0,0,15,0,0,41,118,0,0,142,1,0,0,0,0,0,2025-06-10 15:34:39,Excel完整库,告警
231,外部输入干接点 2 故障,告警设备的外部输入干接点 2 故障量测，状态,0-0-15-0-0-41-118-0-0-143-1-0-0-0-0-0,0,0,15,0,0,41,118,0,0,143,1,0,0,0,0,0,2025-06-10 15:34:39,Excel完整库,告警
232,环境温度过温故障；,告警设备的环境温度过温故障；量测，状态,0-0-15-0-0-41-118-0-0-144-1-0-0-0-0-0,0,0,15,0,0,41,118,0,0,144,1,0,0,0,0,0,2025-06-10 15:34:39,Excel完整库,告警
233,干接点过温故障,告警设备的干接点过温故障量测，状态,0-0-15-0-0-41-118-0-0-145-1-0-0-0-0-0,0,0,15,0,0,41,118,0,0,145,1,0,0,0,0,0,2025-06-10 15:34:39,Excel完整库,告警
234,电网故障字,告警设备的电网故障字量测，状态,0-0-15-0-0-41-118-0-0-146-1-0-0-0-0-0,0,0,15,0,0,41,118,0,0,146,1,0,0,0,0,0,2025-06-10 15:34:39,Excel完整库,告警
235,A相过压故障,告警设备的A相过压故障量测，状态,0-0-15-0-0-41-118-0-0-147-1-0-0-0-0-0,0,0,15,0,0,41,118,0,0,147,1,0,0,0,0,0,2025-06-10 15:34:39,Excel完整库,告警
236,B相过压故障,告警设备的B相过压故障量测，状态,0-0-15-0-0-41-118-0-0-148-1-0-0-0-0-0,0,0,15,0,0,41,118,0,0,148,1,0,0,0,0,0,2025-06-10 15:34:39,Excel完整库,告警
237,C相过压故障,告警设备的C相过压故障量测，状态,0-0-15-0-0-41-118-0-0-149-1-0-0-0-0-0,0,0,15,0,0,41,118,0,0,149,1,0,0,0,0,0,2025-06-10 15:34:39,Excel完整库,告警
238,A相欠压故障,告警设备的A相欠压故障量测，状态,0-0-15-0-0-41-118-0-0-150-1-0-0-0-0-0,0,0,15,0,0,41,118,0,0,150,1,0,0,0,0,0,2025-06-10 15:34:39,Excel完整库,告警
239,B相欠压故障,告警设备的B相欠压故障量测，状态,0-0-15-0-0-41-118-0-0-151-1-0-0-0-0-0,0,0,15,0,0,41,118,0,0,151,1,0,0,0,0,0,2025-06-10 15:34:39,Excel完整库,告警
240,C相欠压故障,告警设备的C相欠压故障量测，状态,0-0-15-0-0-41-118-0-0-152-1-0-0-0-0-0,0,0,15,0,0,41,118,0,0,152,1,0,0,0,0,0,2025-06-10 15:34:39,Excel完整库,告警
241,电网过频,告警设备的电网过频量测，状态,0-0-15-0-0-41-118-0-0-153-1-0-0-0-0-0,0,0,15,0,0,41,118,0,0,153,1,0,0,0,0,0,2025-06-10 15:34:39,Excel完整库,告警
242,电网欠频,告警设备的电网欠频量测，状态,0-0-15-0-0-41-118-0-0-154-1-0-0-0-0-0,0,0,15,0,0,41,118,0,0,154,1,0,0,0,0,0,2025-06-10 15:34:39,Excel完整库,告警
243,电网相序错误,告警设备的电网相序错误量测，状态,0-0-15-0-0-41-118-0-0-155-1-0-0-0-0-0,0,0,15,0,0,41,118,0,0,155,1,0,0,0,0,0,2025-06-10 15:34:39,Excel完整库,告警
244,A相软件过流,告警设备的A相软件过流量测，状态,0-0-15-0-0-41-118-0-0-156-1-0-0-0-0-0,0,0,15,0,0,41,118,0,0,156,1,0,0,0,0,0,2025-06-10 15:34:39,Excel完整库,告警
245,B相软件过流,告警设备的B相软件过流量测，状态,0-0-15-0-0-41-118-0-0-157-1-0-0-0-0-0,0,0,15,0,0,41,118,0,0,157,1,0,0,0,0,0,2025-06-10 15:34:39,Excel完整库,告警
246,C相软件过流,告警设备的C相软件过流量测，状态,0-0-15-0-0-41-118-0-0-158-1-0-0-0-0-0,0,0,15,0,0,41,118,0,0,158,1,0,0,0,0,0,2025-06-10 15:34:39,Excel完整库,告警
247,电网电压不平衡,告警设备的电网电压不平衡量测，状态,0-0-15-0-0-41-118-0-0-159-1-0-0-0-0-0,0,0,15,0,0,41,118,0,0,159,1,0,0,0,0,0,2025-06-10 15:34:39,Excel完整库,告警
248,电网电流不平衡,告警设备的电网电流不平衡量测，状态,0-0-15-0-0-41-118-0-0-160-1-0-0-0-0-0,0,0,15,0,0,41,118,0,0,160,1,0,0,0,0,0,2025-06-10 15:34:39,Excel完整库,告警
249,电网缺相,告警设备的电网缺相量测，状态,0-0-15-0-0-41-118-0-0-161-1-0-0-0-0-0,0,0,15,0,0,41,118,0,0,161,1,0,0,0,0,0,2025-06-10 15:34:39,Excel完整库,告警
250,N线过流,告警设备的N线过流量测，状态,0-0-15-0-0-41-118-0-0-162-1-0-0-0-0-0,0,0,15,0,0,41,118,0,0,162,1,0,0,0,0,0,2025-06-10 15:34:39,Excel完整库,告警
251,母线故障字,告警设备的母线故障字量测，状态,0-0-15-0-0-41-118-0-0-163-1-0-0-0-0-0,0,0,15,0,0,41,118,0,0,163,1,0,0,0,0,0,2025-06-10 15:34:39,Excel完整库,告警
252,预充母线过压,告警设备的预充母线过压量测，状态,0-0-15-0-0-41-118-0-0-164-1-0-0-0-0-0,0,0,15,0,0,41,118,0,0,164,1,0,0,0,0,0,2025-06-10 15:34:39,Excel完整库,告警
253,预充母线欠压,告警设备的预充母线欠压量测，状态,0-0-15-0-0-41-118-0-0-165-1-0-0-0-0-0,0,0,15,0,0,41,118,0,0,165,1,0,0,0,0,0,2025-06-10 15:34:39,Excel完整库,告警
254,不控整流母线过压,告警设备的不控整流母线过压量测，状态,0-0-15-0-0-41-118-0-0-166-1-0-0-0-0-0,0,0,15,0,0,41,118,0,0,166,1,0,0,0,0,0,2025-06-10 15:34:39,Excel完整库,告警
255,不控整流母线欠压,告警设备的不控整流母线欠压量测，状态,0-0-15-0-0-41-118-0-0-167-1-0-0-0-0-0,0,0,15,0,0,41,118,0,0,167,1,0,0,0,0,0,2025-06-10 15:34:39,Excel完整库,告警
256,运行母线过压,告警设备的运行母线过压量测，状态,0-0-15-0-0-41-118-0-0-168-1-0-0-0-0-0,0,0,15,0,0,41,118,0,0,168,1,0,0,0,0,0,2025-06-10 15:34:39,Excel完整库,告警
257,运行母线欠压,告警设备的运行母线欠压量测，状态,0-0-15-0-0-41-118-0-0-169-1-0-0-0-0-0,0,0,15,0,0,41,118,0,0,169,1,0,0,0,0,0,2025-06-10 15:34:39,Excel完整库,告警
258,正负母线不平衡,告警设备的正负母线不平衡量测，状态,0-0-15-0-0-41-118-0-0-170-1-0-0-0-0-0,0,0,15,0,0,41,118,0,0,170,1,0,0,0,0,0,2025-06-10 15:34:39,Excel完整库,告警
259,电池欠压,告警设备的电池欠压量测，状态,0-0-15-0-0-41-118-0-0-171-1-0-0-0-0-0,0,0,15,0,0,41,118,0,0,171,1,0,0,0,0,0,2025-06-10 15:34:39,Excel完整库,告警
260,电流模式母线欠压,告警设备的电流模式母线欠压量测，状态,0-0-15-0-0-41-118-0-0-172-1-0-0-0-0-0,0,0,15,0,0,41,118,0,0,172,1,0,0,0,0,0,2025-06-10 15:34:39,Excel完整库,告警
261,电池过压,告警设备的电池过压量测，状态,0-0-15-0-0-41-118-0-0-173-1-0-0-0-0-0,0,0,15,0,0,41,118,0,0,173,1,0,0,0,0,0,2025-06-10 15:34:39,Excel完整库,告警
262,直流预充电过流,告警设备的直流预充电过流量测，状态,0-0-15-0-0-41-118-0-0-174-1-0-0-0-0-0,0,0,15,0,0,41,118,0,0,174,1,0,0,0,0,0,2025-06-10 15:34:39,Excel完整库,告警
263,直流过流,告警设备的直流过流量测，状态,0-0-15-0-0-41-118-0-0-175-1-0-0-0-0-0,0,0,15,0,0,41,118,0,0,175,1,0,0,0,0,0,2025-06-10 15:34:39,Excel完整库,告警
264,平衡模块软件过流,告警设备的平衡模块软件过流量测，状态,0-0-15-0-0-41-118-0-0-176-1-0-0-0-0-0,0,0,15,0,0,41,118,0,0,176,1,0,0,0,0,0,2025-06-10 15:34:39,Excel完整库,告警
265,电池反接,告警设备的电池反接量测，状态,0-0-15-0-0-41-118-0-0-177-1-0-0-0-0-0,0,0,15,0,0,41,118,0,0,177,1,0,0,0,0,0,2025-06-10 15:34:39,Excel完整库,告警
266,交流电容故障字,告警设备的交流电容故障字量测，状态,0-0-15-0-0-41-118-0-0-178-1-0-0-0-0-0,0,0,15,0,0,41,118,0,0,178,1,0,0,0,0,0,2025-06-10 15:34:39,Excel完整库,告警
267,预充电超时,告警设备的预充电超时量测，状态,0-0-15-0-0-41-118-0-0-179-1-0-0-0-0-0,0,0,15,0,0,41,118,0,0,179,1,0,0,0,0,0,2025-06-10 15:34:39,Excel完整库,告警
268,预充电A相过流,告警设备的预充电A相过流量测，状态,0-0-15-0-0-41-118-0-0-180-1-0-0-0-0-0,0,0,15,0,0,41,118,0,0,180,1,0,0,0,0,0,2025-06-10 15:34:39,Excel完整库,告警
269,预充电B相过流,告警设备的预充电B相过流量测，状态,0-0-15-0-0-41-118-0-0-181-1-0-0-0-0-0,0,0,15,0,0,41,118,0,0,181,1,0,0,0,0,0,2025-06-10 15:34:39,Excel完整库,告警
270,预充电C相过流,告警设备的预充电C相过流量测，状态,0-0-15-0-0-41-118-0-0-182-1-0-0-0-0-0,0,0,15,0,0,41,118,0,0,182,1,0,0,0,0,0,2025-06-10 15:34:39,Excel完整库,告警
271,漏电流故障,告警设备的漏电流故障量测，状态,0-0-15-0-0-41-118-0-0-183-1-0-0-0-0-0,0,0,15,0,0,41,118,0,0,183,1,0,0,0,0,0,2025-06-10 15:34:39,Excel完整库,告警
272,系统故障字,告警设备的系统故障字量测，状态,0-0-15-0-0-41-118-0-0-184-1-0-0-0-0-0,0,0,15,0,0,41,118,0,0,184,1,0,0,0,0,0,2025-06-10 15:34:39,Excel完整库,告警
273,控制板RAM故障,告警设备的控制板RAM故障量测，状态,0-0-15-0-0-41-118-0-0-185-1-0-0-0-0-0,0,0,15,0,0,41,118,0,0,185,1,0,0,0,0,0,2025-06-10 15:34:39,Excel完整库,告警
274,控制板EEPROM故障,告警设备的控制板EEPROM故障量测，状态,0-0-15-0-0-41-118-0-0-186-1-0-0-0-0-0,0,0,15,0,0,41,118,0,0,186,1,0,0,0,0,0,2025-06-10 15:34:39,Excel完整库,告警
275,AD采样零漂故障,告警设备的AD采样零漂故障量测，状态,0-0-15-0-0-41-118-0-0-187-1-0-0-0-0-0,0,0,15,0,0,41,118,0,0,187,1,0,0,0,0,0,2025-06-10 15:34:39,Excel完整库,告警
276,控制板后台通讯协议故障,告警设备的控制板后台通讯协议故障量测，状态,0-0-15-0-0-41-118-0-0-188-1-0-0-0-0-0,0,0,15,0,0,41,118,0,0,188,1,0,0,0,0,0,2025-06-10 15:34:39,Excel完整库,告警
277,控制板CAN通讯协议故障,告警设备的控制板CAN通讯协议故障量测，状态,0-0-15-0-0-41-118-0-0-189-1-0-0-0-0-0,0,0,15,0,0,41,118,0,0,189,1,0,0,0,0,0,2025-06-10 15:34:39,Excel完整库,告警
278,控制板CPLD通讯协议故障,告警设备的控制板CPLD通讯协议故障量测，状态,0-0-15-0-0-41-118-0-0-190-1-0-0-0-0-0,0,0,15,0,0,41,118,0,0,190,1,0,0,0,0,0,2025-06-10 15:34:39,Excel完整库,告警
279,控制板DataLog数据故障,告警设备的控制板DataLog数据故障量测，状态,0-0-15-0-0-41-118-0-0-191-1-0-0-0-0-0,0,0,15,0,0,41,118,0,0,191,1,0,0,0,0,0,2025-06-10 15:34:39,Excel完整库,告警
280,绝缘检测故障,告警设备的绝缘检测故障量测，状态,0-0-15-0-0-41-118-0-0-192-1-0-0-0-0-0,0,0,15,0,0,41,118,0,0,192,1,0,0,0,0,0,2025-06-10 15:34:39,Excel完整库,告警
281,软件固件不匹配故障,告警设备的软件固件不匹配故障量测，状态,0-0-15-0-0-41-118-0-0-193-1-0-0-0-0-0,0,0,15,0,0,41,118,0,0,193,1,0,0,0,0,0,2025-06-10 15:34:39,Excel完整库,告警
282,BMS电池系统故障,告警设备的BMS电池系统故障量测，状态,0-0-15-0-0-41-118-0-0-194-1-0-0-0-0-0,0,0,15,0,0,41,118,0,0,194,1,0,0,0,0,0,2025-06-10 15:34:39,Excel完整库,告警
283,STS通信故障,告警设备的STS通信故障量测，状态,0-0-15-0-0-41-118-0-0-195-1-0-0-0-0-0,0,0,15,0,0,41,118,0,0,195,1,0,0,0,0,0,2025-06-10 15:34:39,Excel完整库,告警
284,BMS通讯故障,告警设备的BMS通讯故障量测，状态,0-0-15-0-0-41-118-0-0-196-1-0-0-0-0-0,0,0,15,0,0,41,118,0,0,196,1,0,0,0,0,0,2025-06-10 15:34:39,Excel完整库,告警
285,从模块CAN通信故障,告警设备的从模块CAN通信故障量测，状态,0-0-15-0-0-41-118-0-0-197-1-0-0-0-0-0,0,0,15,0,0,41,118,0,0,197,1,0,0,0,0,0,2025-06-10 15:34:39,Excel完整库,告警
286,EMS通信故障,告警设备的EMS通信故障量测，状态,0-0-15-0-0-41-118-0-0-198-1-0-0-0-0-0,0,0,15,0,0,41,118,0,0,198,1,0,0,0,0,0,2025-06-10 15:34:39,Excel完整库,告警
287,开关故障字,告警设备的开关故障字量测，状态,0-0-15-0-0-41-118-0-0-199-1-0-0-0-0-0,0,0,15,0,0,41,118,0,0,199,1,0,0,0,0,0,2025-06-10 15:34:39,Excel完整库,告警
288,预充电继电器闭合失败,告警设备的预充电继电器闭合失败量测，状态,0-0-15-0-0-41-118-0-0-200-1-0-0-0-0-0,0,0,15,0,0,41,118,0,0,200,1,0,0,0,0,0,2025-06-10 15:34:39,Excel完整库,告警
289,预充电继电器断开失败,告警设备的预充电继电器断开失败量测，状态,0-0-15-0-0-41-118-0-0-201-1-0-0-0-0-0,0,0,15,0,0,41,118,0,0,201,1,0,0,0,0,0,2025-06-10 15:34:39,Excel完整库,告警
290,预充电继电器闭合状态错误,告警设备的预充电继电器闭合状态错误量测，状态,0-0-15-0-0-41-118-0-0-202-1-0-0-0-0-0,0,0,15,0,0,41,118,0,0,202,1,0,0,0,0,0,2025-06-10 15:34:39,Excel完整库,告警
291,预充电继电器断开状态错误,告警设备的预充电继电器断开状态错误量测，状态,0-0-15-0-0-41-118-0-0-203-1-0-0-0-0-0,0,0,15,0,0,41,118,0,0,203,1,0,0,0,0,0,2025-06-10 15:34:39,Excel完整库,告警
292,主继电器闭合失败,告警设备的主继电器闭合失败量测，状态,0-0-15-0-0-41-118-0-0-204-1-0-0-0-0-0,0,0,15,0,0,41,118,0,0,204,1,0,0,0,0,0,2025-06-10 15:34:39,Excel完整库,告警
293,主继电器断开失败,告警设备的主继电器断开失败量测，状态,0-0-15-0-0-41-118-0-0-205-1-0-0-0-0-0,0,0,15,0,0,41,118,0,0,205,1,0,0,0,0,0,2025-06-10 15:34:39,Excel完整库,告警
294,主继电器闭合状态错误,告警设备的主继电器闭合状态错误量测，状态,0-0-15-0-0-41-118-0-0-206-1-0-0-0-0-0,0,0,15,0,0,41,118,0,0,206,1,0,0,0,0,0,2025-06-10 15:34:39,Excel完整库,告警
295,主继电器断开状态错误,告警设备的主继电器断开状态错误量测，状态,0-0-15-0-0-41-118-0-0-207-1-0-0-0-0-0,0,0,15,0,0,41,118,0,0,207,1,0,0,0,0,0,2025-06-10 15:34:39,Excel完整库,告警
296,交流主继电器粘连故障,告警设备的交流主继电器粘连故障量测，状态,0-0-15-0-0-41-118-0-0-208-1-0-0-0-0-0,0,0,15,0,0,41,118,0,0,208,1,0,0,0,0,0,2025-06-10 15:34:39,Excel完整库,告警
297,直流继电器开路故障,告警设备的直流继电器开路故障量测，状态,0-0-15-0-0-41-118-0-0-209-1-0-0-0-0-0,0,0,15,0,0,41,118,0,0,209,1,0,0,0,0,0,2025-06-10 15:34:39,Excel完整库,告警
298,交流主继电器开路故障,告警设备的交流主继电器开路故障量测，状态,0-0-15-0-0-41-118-0-0-210-1-0-0-0-0-0,0,0,15,0,0,41,118,0,0,210,1,0,0,0,0,0,2025-06-10 15:34:39,Excel完整库,告警
299,其他故障字,告警设备的其他故障字量测，状态,0-0-15-0-0-41-118-0-0-211-1-0-0-0-0-0,0,0,15,0,0,41,118,0,0,211,1,0,0,0,0,0,2025-06-10 15:34:39,Excel完整库,告警
300,逆变电压A相过压故障,告警设备的逆变电压A相过压故障量测，状态,0-0-15-0-0-41-118-0-0-212-1-0-0-0-0-0,0,0,15,0,0,41,118,0,0,212,1,0,0,0,0,0,2025-06-10 15:34:39,Excel完整库,告警
301,逆变电压B相过压故障,告警设备的逆变电压B相过压故障量测，状态,0-0-15-0-0-41-118-0-0-213-1-0-0-0-0-0,0,0,15,0,0,41,118,0,0,213,1,0,0,0,0,0,2025-06-10 15:34:39,Excel完整库,告警
302,逆变电压C相过压故障,告警设备的逆变电压C相过压故障量测，状态,0-0-15-0-0-41-118-0-0-214-1-0-0-0-0-0,0,0,15,0,0,41,118,0,0,214,1,0,0,0,0,0,2025-06-10 15:34:39,Excel完整库,告警
303,电网孤岛故障,告警设备的电网孤岛故障量测，状态,0-0-15-0-0-41-118-0-0-215-1-0-0-0-0-0,0,0,15,0,0,41,118,0,0,215,1,0,0,0,0,0,2025-06-10 15:34:39,Excel完整库,告警
304,系统谐振故障,告警设备的系统谐振故障量测，状态,0-0-15-0-0-41-118-0-0-216-1-0-0-0-0-0,0,0,15,0,0,41,118,0,0,216,1,0,0,0,0,0,2025-06-10 15:34:39,Excel完整库,告警
305,软件过压过流,告警设备的软件过压过流量测，状态,0-0-15-0-0-41-118-0-0-217-1-0-0-0-0-0,0,0,15,0,0,41,118,0,0,217,1,0,0,0,0,0,2025-06-10 15:34:39,Excel完整库,告警
306,高电压穿越超时故障,告警设备的高电压穿越超时故障量测，状态,0-0-15-0-0-41-118-0-0-218-1-0-0-0-0-0,0,0,15,0,0,41,118,0,0,218,1,0,0,0,0,0,2025-06-10 15:34:39,Excel完整库,告警
307,逆变电压A相欠压故障,告警设备的逆变电压A相欠压故障量测，状态,0-0-15-0-0-41-118-0-0-219-1-0-0-0-0-0,0,0,15,0,0,41,118,0,0,219,1,0,0,0,0,0,2025-06-10 15:34:39,Excel完整库,告警
308,逆变电压B相欠压故障,告警设备的逆变电压B相欠压故障量测，状态,0-0-15-0-0-41-118-0-0-220-1-0-0-0-0-0,0,0,15,0,0,41,118,0,0,220,1,0,0,0,0,0,2025-06-10 15:34:39,Excel完整库,告警
309,逆变电压C相欠压故障,告警设备的逆变电压C相欠压故障量测，状态,0-0-15-0-0-41-118-0-0-221-1-0-0-0-0-0,0,0,15,0,0,41,118,0,0,221,1,0,0,0,0,0,2025-06-10 15:34:39,Excel完整库,告警
310,离网无同步信号故障,告警设备的离网无同步信号故障量测，状态,0-0-15-0-0-41-118-0-0-222-1-0-0-0-0-0,0,0,15,0,0,41,118,0,0,222,1,0,0,0,0,0,2025-06-10 15:34:39,Excel完整库,告警
311,离网短路故障,告警设备的离网短路故障量测，状态,0-0-15-0-0-41-118-0-0-223-1-0-0-0-0-0,0,0,15,0,0,41,118,0,0,223,1,0,0,0,0,0,2025-06-10 15:34:39,Excel完整库,告警
312,低电压穿越超时故障,告警设备的低电压穿越超时故障量测，状态,0-0-15-0-0-41-118-0-0-224-1-0-0-0-0-0,0,0,15,0,0,41,118,0,0,224,1,0,0,0,0,0,2025-06-10 15:34:39,Excel完整库,告警
313,故障状态1,告警设备的故障状态1量测，状态,0-0-15-0-0-41-118-0-0-225-1-0-0-0-0-0,0,0,15,0,0,41,118,0,0,225,1,0,0,0,0,0,2025-06-10 15:34:39,Excel完整库,告警
314,供水泵故障,告警设备的供水泵故障量测，状态,0-0-15-0-0-41-118-0-0-226-1-0-0-0-0-0,0,0,15,0,0,41,118,0,0,226,1,0,0,0,0,0,2025-06-10 15:34:39,Excel完整库,告警
315,泵空转保护,告警设备的泵空转保护量测，状态,0-0-15-0-0-41-118-0-0-227-1-0-0-0-0-0,0,0,15,0,0,41,118,0,0,227,1,0,0,0,0,0,2025-06-10 15:34:39,Excel完整库,告警
316,泵堵转保护,告警设备的泵堵转保护量测，状态,0-0-15-0-0-41-118-0-0-228-1-0-0-0-0-0,0,0,15,0,0,41,118,0,0,228,1,0,0,0,0,0,2025-06-10 15:34:39,Excel完整库,告警
317,泵过流故障,告警设备的泵过流故障量测，状态,0-0-15-0-0-41-118-0-0-229-1-0-0-0-0-0,0,0,15,0,0,41,118,0,0,229,1,0,0,0,0,0,2025-06-10 15:34:39,Excel完整库,告警
318,泵欠压故障,告警设备的泵欠压故障量测，状态,0-0-15-0-0-41-118-0-0-230-1-0-0-0-0-0,0,0,15,0,0,41,118,0,0,230,1,0,0,0,0,0,2025-06-10 15:34:39,Excel完整库,告警
319,泵过压故障,告警设备的泵过压故障量测，状态,0-0-15-0-0-41-118-0-0-231-1-0-0-0-0-0,0,0,15,0,0,41,118,0,0,231,1,0,0,0,0,0,2025-06-10 15:34:39,Excel完整库,告警
320,预充故障,告警设备的预充故障量测，状态,0-0-15-0-0-41-118-0-0-232-1-0-0-0-0-0,0,0,15,0,0,41,118,0,0,232,1,0,0,0,0,0,2025-06-10 15:34:39,Excel完整库,告警
321,泵驱动过热保护故障,告警设备的泵驱动过热保护故障量测，状态,0-0-15-0-0-41-118-0-0-233-1-0-0-0-0-0,0,0,15,0,0,41,118,0,0,233,1,0,0,0,0,0,2025-06-10 15:34:39,Excel完整库,告警
322,供水压力传感器故障,告警设备的供水压力传感器故障量测，状态,0-0-15-0-0-41-118-0-0-234-1-0-0-0-0-0,0,0,15,0,0,41,118,0,0,234,1,0,0,0,0,0,2025-06-10 15:34:39,Excel完整库,告警
323,主板IIC故障,告警设备的主板IIC故障量测，状态,0-0-15-0-0-41-118-0-0-235-1-0-0-0-0-0,0,0,15,0,0,41,118,0,0,235,1,0,0,0,0,0,2025-06-10 15:34:39,Excel完整库,告警
324,回水压力低故障,告警设备的回水压力低故障量测，状态,0-0-15-0-0-41-118-0-0-236-1-0-0-0-0-0,0,0,15,0,0,41,118,0,0,236,1,0,0,0,0,0,2025-06-10 15:34:39,Excel完整库,告警
325,供水压力过高,告警设备的供水压力过高量测，状态,0-0-15-0-0-41-118-0-0-237-1-0-0-0-0-0,0,0,15,0,0,41,118,0,0,237,1,0,0,0,0,0,2025-06-10 15:34:39,Excel完整库,告警
326,电压过高,告警设备的电压过高量测，状态,0-0-15-0-0-41-118-0-0-238-1-0-0-0-0-0,0,0,15,0,0,41,118,0,0,238,1,0,0,0,0,0,2025-06-10 15:34:39,Excel完整库,告警
327,电压过低,告警设备的电压过低量测，状态,0-0-15-0-0-41-118-0-0-239-1-0-0-0-0-0,0,0,15,0,0,41,118,0,0,239,1,0,0,0,0,0,2025-06-10 15:34:39,Excel完整库,告警
328,故障状态2,告警设备的故障状态2量测，状态,0-0-15-0-0-41-118-0-0-240-1-0-0-0-0-0,0,0,15,0,0,41,118,0,0,240,1,0,0,0,0,0,2025-06-10 15:34:39,Excel完整库,告警
329,系统低压,告警设备的系统低压量测，状态,0-0-15-0-0-41-118-0-0-241-1-0-0-0-0-0,0,0,15,0,0,41,118,0,0,241,1,0,0,0,0,0,2025-06-10 15:34:39,Excel完整库,告警
330,电加热保护,告警设备的电加热保护量测，状态,0-0-15-0-0-41-118-0-0-242-1-0-0-0-0-0,0,0,15,0,0,41,118,0,0,242,1,0,0,0,0,0,2025-06-10 15:34:39,Excel完整库,告警
331,风机过载,告警设备的风机过载量测，状态,0-0-15-0-0-41-118-0-0-243-1-0-0-0-0-0,0,0,15,0,0,41,118,0,0,243,1,0,0,0,0,0,2025-06-10 15:34:39,Excel完整库,告警
332,系统高压故障,告警设备的系统高压故障量测，状态,0-0-15-0-0-41-118-0-0-244-1-0-0-0-0-0,0,0,15,0,0,41,118,0,0,244,1,0,0,0,0,0,2025-06-10 15:34:39,Excel完整库,告警
333,蒸发进口探头故障,告警设备的蒸发进口探头故障量测，状态,0-0-15-0-0-41-118-0-0-245-1-0-0-0-0-0,0,0,15,0,0,41,118,0,0,245,1,0,0,0,0,0,2025-06-10 15:34:39,Excel完整库,告警
334,蒸发出口探头故障,告警设备的蒸发出口探头故障量测，状态,0-0-15-0-0-41-118-0-0-246-1-0-0-0-0-0,0,0,15,0,0,41,118,0,0,246,1,0,0,0,0,0,2025-06-10 15:34:39,Excel完整库,告警
335,系统高压报警锁定,告警设备的系统高压报警锁定量测，状态,0-0-15-0-0-41-118-0-0-247-1-0-0-0-0-0,0,0,15,0,0,41,118,0,0,247,1,0,0,0,0,0,2025-06-10 15:34:39,Excel完整库,告警
336,排气压力传感器故障,告警设备的排气压力传感器故障量测，状态,0-0-15-0-0-41-118-0-0-248-1-0-0-0-0-0,0,0,15,0,0,41,118,0,0,248,1,0,0,0,0,0,2025-06-10 15:34:39,Excel完整库,告警
337,压缩机变频器通讯故障,告警设备的压缩机变频器通讯故障量测，状态,0-0-15-0-0-41-118-0-0-249-1-0-0-0-0-0,0,0,15,0,0,41,118,0,0,249,1,0,0,0,0,0,2025-06-10 15:34:39,Excel完整库,告警
338,故障状态3,告警设备的故障状态3量测，状态,0-0-15-0-0-41-118-0-0-250-1-0-0-0-0-0,0,0,15,0,0,41,118,0,0,250,1,0,0,0,0,0,2025-06-10 15:34:39,Excel完整库,告警
339,液温探头故障,告警设备的液温探头故障量测，状态,0-0-15-0-0-41-118-0-0-251-1-0-0-0-0-0,0,0,15,0,0,41,118,0,0,251,1,0,0,0,0,0,2025-06-10 15:34:39,Excel完整库,告警
340,回液探头故障,告警设备的回液探头故障量测，状态,0-0-15-0-0-41-118-0-0-252-1-0-0-0-0-0,0,0,15,0,0,41,118,0,0,252,1,0,0,0,0,0,2025-06-10 15:34:39,Excel完整库,告警
341,环境探头故障,告警设备的环境探头故障量测，状态,0-0-15-0-0-41-118-0-0-253-1-0-0-0-0-0,0,0,15,0,0,41,118,0,0,253,1,0,0,0,0,0,2025-06-10 15:34:39,Excel完整库,告警
342,液温过高,告警设备的液温过高量测，状态,0-0-15-0-0-41-118-0-0-254-1-0-0-0-0-0,0,0,15,0,0,41,118,0,0,254,1,0,0,0,0,0,2025-06-10 15:34:39,Excel完整库,告警
343,回水压力传感器故障,告警设备的回水压力传感器故障量测，状态,0-0-15-0-0-41-118-0-0-255-1-0-0-0-0-0,0,0,15,0,0,41,118,0,0,255,1,0,0,0,0,0,2025-06-10 15:34:39,Excel完整库,告警
344,屏幕与主板通讯超时,告警设备的屏幕与主板通讯超时量测，状态,0-0-15-0-0-41-118-0-0-256-1-0-0-0-0-0,0,0,15,0,0,41,118,0,0,256,1,0,0,0,0,0,2025-06-10 15:34:39,Excel完整库,告警
345,液温过低,告警设备的液温过低量测，状态,0-0-15-0-0-41-118-0-0-257-1-0-0-0-0-0,0,0,15,0,0,41,118,0,0,257,1,0,0,0,0,0,2025-06-10 15:34:39,Excel完整库,告警
346,供水压力过高预警,告警设备的供水压力过高预警量测，状态,0-0-15-0-0-41-118-0-0-258-1-0-0-0-0-0,0,0,15,0,0,41,118,0,0,258,1,0,0,0,0,0,2025-06-10 15:34:39,Excel完整库,告警
347,掉电报警,告警设备的掉电报警量测，状态,0-0-15-0-0-41-118-0-0-259-1-0-0-0-0-0,0,0,15,0,0,41,118,0,0,259,1,0,0,0,0,0,2025-06-10 15:34:39,Excel完整库,告警
348,从板通讯故障,告警设备的从板通讯故障量测，状态,0-0-15-0-0-41-118-0-0-260-1-0-0-0-0-0,0,0,15,0,0,41,118,0,0,260,1,0,0,0,0,0,2025-06-10 15:34:39,Excel完整库,告警
349,故障状态4,告警设备的故障状态4量测，状态,0-0-15-0-0-41-118-0-0-261-1-0-0-0-0-0,0,0,15,0,0,41,118,0,0,261,1,0,0,0,0,0,2025-06-10 15:34:39,Excel完整库,告警
350,压机起动瞬间过流,告警设备的压机起动瞬间过流量测，状态,0-0-15-0-0-41-118-0-0-262-1-0-0-0-0-0,0,0,15,0,0,41,118,0,0,262,1,0,0,0,0,0,2025-06-10 15:34:39,Excel完整库,告警
351,压机加速运行过流,告警设备的压机加速运行过流量测，状态,0-0-15-0-0-41-118-0-0-263-1-0-0-0-0-0,0,0,15,0,0,41,118,0,0,263,1,0,0,0,0,0,2025-06-10 15:34:39,Excel完整库,告警
352,压机减速运行过流,告警设备的压机减速运行过流量测，状态,0-0-15-0-0-41-118-0-0-264-1-0-0-0-0-0,0,0,15,0,0,41,118,0,0,264,1,0,0,0,0,0,2025-06-10 15:34:39,Excel完整库,告警
353,压机恒速运行过流,告警设备的压机恒速运行过流量测，状态,0-0-15-0-0-41-118-0-0-265-1-0-0-0-0-0,0,0,15,0,0,41,118,0,0,265,1,0,0,0,0,0,2025-06-10 15:34:39,Excel完整库,告警
354,压机加速运行过压,告警设备的压机加速运行过压量测，状态,0-0-15-0-0-41-118-0-0-266-1-0-0-0-0-0,0,0,15,0,0,41,118,0,0,266,1,0,0,0,0,0,2025-06-10 15:34:39,Excel完整库,告警
355,压机减速运行过压,告警设备的压机减速运行过压量测，状态,0-0-15-0-0-41-118-0-0-267-1-0-0-0-0-0,0,0,15,0,0,41,118,0,0,267,1,0,0,0,0,0,2025-06-10 15:34:39,Excel完整库,告警
356,压机恒速运行过压,告警设备的压机恒速运行过压量测，状态,0-0-15-0-0-41-118-0-0-268-1-0-0-0-0-0,0,0,15,0,0,41,118,0,0,268,1,0,0,0,0,0,2025-06-10 15:34:39,Excel完整库,告警
357,压机待机时过压,告警设备的压机待机时过压量测，状态,0-0-15-0-0-41-118-0-0-269-1-0-0-0-0-0,0,0,15,0,0,41,118,0,0,269,1,0,0,0,0,0,2025-06-10 15:34:39,Excel完整库,告警
358,压机运行中欠压,告警设备的压机运行中欠压量测，状态,0-0-15-0-0-41-118-0-0-270-1-0-0-0-0-0,0,0,15,0,0,41,118,0,0,270,1,0,0,0,0,0,2025-06-10 15:34:39,Excel完整库,告警
359,压机输出缺相,告警设备的压机输出缺相量测，状态,0-0-15-0-0-41-118-0-0-271-1-0-0-0-0-0,0,0,15,0,0,41,118,0,0,271,1,0,0,0,0,0,2025-06-10 15:34:39,Excel完整库,告警
360,压机功率器件保护,告警设备的压机功率器件保护量测，状态,0-0-15-0-0-41-118-0-0-272-1-0-0-0-0-0,0,0,15,0,0,41,118,0,0,272,1,0,0,0,0,0,2025-06-10 15:34:39,Excel完整库,告警
361,压机过热,告警设备的压机过热量测，状态,0-0-15-0-0-41-118-0-0-273-1-0-0-0-0-0,0,0,15,0,0,41,118,0,0,273,1,0,0,0,0,0,2025-06-10 15:34:39,Excel完整库,告警
362,压机过载,告警设备的压机过载量测，状态,0-0-15-0-0-41-118-0-0-274-1-0-0-0-0-0,0,0,15,0,0,41,118,0,0,274,1,0,0,0,0,0,2025-06-10 15:34:39,Excel完整库,告警
363,压机检测过载,告警设备的压机检测过载量测，状态,0-0-15-0-0-41-118-0-0-275-1-0-0-0-0-0,0,0,15,0,0,41,118,0,0,275,1,0,0,0,0,0,2025-06-10 15:34:39,Excel完整库,告警
364,压机负载过重,告警设备的压机负载过重量测，状态,0-0-15-0-0-41-118-0-0-276-1-0-0-0-0-0,0,0,15,0,0,41,118,0,0,276,1,0,0,0,0,0,2025-06-10 15:34:39,Excel完整库,告警
365,压机速度过大,告警设备的压机速度过大量测，状态,0-0-15-0-0-41-118-0-0-277-1-0-0-0-0-0,0,0,15,0,0,41,118,0,0,277,1,0,0,0,0,0,2025-06-10 15:34:39,Excel完整库,告警
366,故障状态5,告警设备的故障状态5量测，状态,0-0-15-0-0-41-118-0-0-278-1-0-0-0-0-0,0,0,15,0,0,41,118,0,0,278,1,0,0,0,0,0,2025-06-10 15:34:39,Excel完整库,告警
367,压机D轴电流过大,告警设备的压机D轴电流过大量测，状态,0-0-15-0-0-41-118-0-0-279-1-0-0-0-0-0,0,0,15,0,0,41,118,0,0,279,1,0,0,0,0,0,2025-06-10 15:34:39,Excel完整库,告警
368,压机Q轴电流过大,告警设备的压机Q轴电流过大量测，状态,0-0-15-0-0-41-118-0-0-280-1-0-0-0-0-0,0,0,15,0,0,41,118,0,0,280,1,0,0,0,0,0,2025-06-10 15:34:39,Excel完整库,告警
369,压机参数存储失败,告警设备的压机参数存储失败量测，状态,0-0-15-0-0-41-118-0-0-281-1-0-0-0-0-0,0,0,15,0,0,41,118,0,0,281,1,0,0,0,0,0,2025-06-10 15:34:39,Excel完整库,告警
370,压机通讯异常,告警设备的压机通讯异常量测，状态,0-0-15-0-0-41-118-0-0-282-1-0-0-0-0-0,0,0,15,0,0,41,118,0,0,282,1,0,0,0,0,0,2025-06-10 15:34:39,Excel完整库,告警
371,压机电流检测故障,告警设备的压机电流检测故障量测，状态,0-0-15-0-0-41-118-0-0-283-1-0-0-0-0-0,0,0,15,0,0,41,118,0,0,283,1,0,0,0,0,0,2025-06-10 15:34:39,Excel完整库,告警
372,压机启动中电机堵转,告警设备的压机启动中电机堵转量测，状态,0-0-15-0-0-41-118-0-0-284-1-0-0-0-0-0,0,0,15,0,0,41,118,0,0,284,1,0,0,0,0,0,2025-06-10 15:34:39,Excel完整库,告警
373,压机运行中电机堵转,告警设备的压机运行中电机堵转量测，状态,0-0-15-0-0-41-118-0-0-285-1-0-0-0-0-0,0,0,15,0,0,41,118,0,0,285,1,0,0,0,0,0,2025-06-10 15:34:39,Excel完整库,告警
374,压机失速故障,告警设备的压机失速故障量测，状态,0-0-15-0-0-41-118-0-0-286-1-0-0-0-0-0,0,0,15,0,0,41,118,0,0,286,1,0,0,0,0,0,2025-06-10 15:34:39,Excel完整库,告警
375,压机中断溢出1,告警设备的压机中断溢出1量测，状态,0-0-15-0-0-41-118-0-0-287-1-0-0-0-0-0,0,0,15,0,0,41,118,0,0,287,1,0,0,0,0,0,2025-06-10 15:34:39,Excel完整库,告警
376,压机中断溢出2,告警设备的压机中断溢出2量测，状态,0-0-15-0-0-41-118-0-0-288-1-0-0-0-0-0,0,0,15,0,0,41,118,0,0,288,1,0,0,0,0,0,2025-06-10 15:34:39,Excel完整库,告警
377,压机启动中转子抖动过大,告警设备的压机启动中转子抖动过大量测，状态,0-0-15-0-0-41-118-0-0-289-1-0-0-0-0-0,0,0,15,0,0,41,118,0,0,289,1,0,0,0,0,0,2025-06-10 15:34:39,Excel完整库,告警
378,压机运行中转子抖动过大,告警设备的压机运行中转子抖动过大量测，状态,0-0-15-0-0-41-118-0-0-290-1-0-0-0-0-0,0,0,15,0,0,41,118,0,0,290,1,0,0,0,0,0,2025-06-10 15:34:39,Excel完整库,告警
379,PFC过流,告警设备的PFC过流量测，状态,0-0-15-0-0-41-118-0-0-291-1-0-0-0-0-0,0,0,15,0,0,41,118,0,0,291,1,0,0,0,0,0,2025-06-10 15:34:39,Excel完整库,告警
380,PFC峰值电流过大,告警设备的PFC峰值电流过大量测，状态,0-0-15-0-0-41-118-0-0-292-1-0-0-0-0-0,0,0,15,0,0,41,118,0,0,292,1,0,0,0,0,0,2025-06-10 15:34:39,Excel完整库,告警
381,PFC有效值电流过大,告警设备的PFC有效值电流过大量测，状态,0-0-15-0-0-41-118-0-0-293-1-0-0-0-0-0,0,0,15,0,0,41,118,0,0,293,1,0,0,0,0,0,2025-06-10 15:34:39,Excel完整库,告警
382,变频器故障代码,告警设备的变频器故障代码量测，状态,0-0-15-0-0-41-118-0-0-294-1-0-0-0-0-0,0,0,15,0,0,41,118,0,0,294,1,0,0,0,0,0,2025-06-10 15:34:39,Excel完整库,告警
383,系统总故障等级,告警设备的系统总故障等级量测，状态,0-0-15-0-0-41-118-0-0-295-1-0-0-0-0-0,0,0,15,0,0,41,118,0,0,295,1,0,0,0,0,0,2025-06-10 15:34:39,Excel完整库,告警
384,系统总故障代码,告警设备的系统总故障代码量测，状态,0-0-15-0-0-41-118-0-0-296-1-0-0-0-0-0,0,0,15,0,0,41,118,0,0,296,1,0,0,0,0,0,2025-06-10 15:34:39,Excel完整库,告警
385,变频风机故障1,告警设备的变频风机故障1量测，状态,0-0-15-0-0-41-118-0-0-297-1-0-0-0-0-0,0,0,15,0,0,41,118,0,0,297,1,0,0,0,0,0,2025-06-10 15:34:39,Excel完整库,告警
386,风机启动瞬间过流,告警设备的风机启动瞬间过流量测，状态,0-0-15-0-0-41-118-0-0-298-1-0-0-0-0-0,0,0,15,0,0,41,118,0,0,298,1,0,0,0,0,0,2025-06-10 15:34:39,Excel完整库,告警
387,风机加速运行过流,告警设备的风机加速运行过流量测，状态,0-0-15-0-0-41-118-0-0-299-1-0-0-0-0-0,0,0,15,0,0,41,118,0,0,299,1,0,0,0,0,0,2025-06-10 15:34:39,Excel完整库,告警
388,风机减速运行过流,告警设备的风机减速运行过流量测，状态,0-0-15-0-0-41-118-0-0-300-1-0-0-0-0-0,0,0,15,0,0,41,118,0,0,300,1,0,0,0,0,0,2025-06-10 15:34:39,Excel完整库,告警
389,风机恒速运行过流,告警设备的风机恒速运行过流量测，状态,0-0-15-0-0-41-118-0-0-301-1-0-0-0-0-0,0,0,15,0,0,41,118,0,0,301,1,0,0,0,0,0,2025-06-10 15:34:39,Excel完整库,告警
390,风机加速运行过压,告警设备的风机加速运行过压量测，状态,0-0-15-0-0-41-118-0-0-302-1-0-0-0-0-0,0,0,15,0,0,41,118,0,0,302,1,0,0,0,0,0,2025-06-10 15:34:39,Excel完整库,告警
391,风机减速运行过压,告警设备的风机减速运行过压量测，状态,0-0-15-0-0-41-118-0-0-303-1-0-0-0-0-0,0,0,15,0,0,41,118,0,0,303,1,0,0,0,0,0,2025-06-10 15:34:39,Excel完整库,告警
392,风机恒速运行过压,告警设备的风机恒速运行过压量测，状态,0-0-15-0-0-41-118-0-0-304-1-0-0-0-0-0,0,0,15,0,0,41,118,0,0,304,1,0,0,0,0,0,2025-06-10 15:34:39,Excel完整库,告警
393,风机待机时过压,告警设备的风机待机时过压量测，状态,0-0-15-0-0-41-118-0-0-305-1-0-0-0-0-0,0,0,15,0,0,41,118,0,0,305,1,0,0,0,0,0,2025-06-10 15:34:39,Excel完整库,告警
394,风机运行中欠压,告警设备的风机运行中欠压量测，状态,0-0-15-0-0-41-118-0-0-306-1-0-0-0-0-0,0,0,15,0,0,41,118,0,0,306,1,0,0,0,0,0,2025-06-10 15:34:39,Excel完整库,告警
395,风机输入缺相,告警设备的风机输入缺相量测，状态,0-0-15-0-0-41-118-0-0-307-1-0-0-0-0-0,0,0,15,0,0,41,118,0,0,307,1,0,0,0,0,0,2025-06-10 15:34:39,Excel完整库,告警
396,风机输出缺相,告警设备的风机输出缺相量测，状态,0-0-15-0-0-41-118-0-0-308-1-0-0-0-0-0,0,0,15,0,0,41,118,0,0,308,1,0,0,0,0,0,2025-06-10 15:34:39,Excel完整库,告警
397,风机功率器件保护,告警设备的风机功率器件保护量测，状态,0-0-15-0-0-41-118-0-0-309-1-0-0-0-0-0,0,0,15,0,0,41,118,0,0,309,1,0,0,0,0,0,2025-06-10 15:34:39,Excel完整库,告警
398,风机过热,告警设备的风机过热量测，状态,0-0-15-0-0-41-118-0-0-310-1-0-0-0-0-0,0,0,15,0,0,41,118,0,0,310,1,0,0,0,0,0,2025-06-10 15:34:39,Excel完整库,告警
399,变频器过载,告警设备的变频器过载量测，状态,0-0-15-0-0-41-118-0-0-311-1-0-0-0-0-0,0,0,15,0,0,41,118,0,0,311,1,0,0,0,0,0,2025-06-10 15:34:39,Excel完整库,告警
400,风机过载,告警设备的风机过载量测，状态,0-0-15-0-0-41-118-0-0-312-1-0-0-0-0-0,0,0,15,0,0,41,118,0,0,312,1,0,0,0,0,0,2025-06-10 15:34:39,Excel完整库,告警
401,外部故障,告警设备的外部故障量测，状态,0-0-15-0-0-41-118-0-0-313-1-0-0-0-0-0,0,0,15,0,0,41,118,0,0,313,1,0,0,0,0,0,2025-06-10 15:34:39,Excel完整库,告警
402,变频风机故障2,告警设备的变频风机故障2量测，状态,0-0-15-0-0-41-118-0-0-314-1-0-0-0-0-0,0,0,15,0,0,41,118,0,0,314,1,0,0,0,0,0,2025-06-10 15:34:39,Excel完整库,告警
403,电机负载过重,告警设备的电机负载过重量测，状态,0-0-15-0-0-41-118-0-0-315-1-0-0-0-0-0,0,0,15,0,0,41,118,0,0,315,1,0,0,0,0,0,2025-06-10 15:34:39,Excel完整库,告警
404,变频器欠载,告警设备的变频器欠载量测，状态,0-0-15-0-0-41-118-0-0-316-1-0-0-0-0-0,0,0,15,0,0,41,118,0,0,316,1,0,0,0,0,0,2025-06-10 15:34:39,Excel完整库,告警
405,风扇故障,告警设备的风扇故障量测，状态,0-0-15-0-0-41-118-0-0-317-1-0-0-0-0-0,0,0,15,0,0,41,118,0,0,317,1,0,0,0,0,0,2025-06-10 15:34:39,Excel完整库,告警
406,用户使用期限禁止时间已到,告警设备的用户使用期限禁止时间已到量测，状态,0-0-15-0-0-41-118-0-0-318-1-0-0-0-0-0,0,0,15,0,0,41,118,0,0,318,1,0,0,0,0,0,2025-06-10 15:34:39,Excel完整库,告警
407,参数存储失败,告警设备的参数存储失败量测，状态,0-0-15-0-0-41-118-0-0-319-1-0-0-0-0-0,0,0,15,0,0,41,118,0,0,319,1,0,0,0,0,0,2025-06-10 15:34:39,Excel完整库,告警
408,通讯异常,告警设备的通讯异常量测，状态,0-0-15-0-0-41-118-0-0-320-1-0-0-0-0-0,0,0,15,0,0,41,118,0,0,320,1,0,0,0,0,0,2025-06-10 15:34:39,Excel完整库,告警
409,电流检测故障,告警设备的电流检测故障量测，状态,0-0-15-0-0-41-118-0-0-321-1-0-0-0-0-0,0,0,15,0,0,41,118,0,0,321,1,0,0,0,0,0,2025-06-10 15:34:39,Excel完整库,告警
410,自整定不良,告警设备的自整定不良量测，状态,0-0-15-0-0-41-118-0-0-322-1-0-0-0-0-0,0,0,15,0,0,41,118,0,0,322,1,0,0,0,0,0,2025-06-10 15:34:39,Excel完整库,告警
411,模拟输入掉线,告警设备的模拟输入掉线量测，状态,0-0-15-0-0-41-118-0-0-323-1-0-0-0-0-0,0,0,15,0,0,41,118,0,0,323,1,0,0,0,0,0,2025-06-10 15:34:39,Excel完整库,告警
412,PG断线,告警设备的PG断线量测，状态,0-0-15-0-0-41-118-0-0-324-1-0-0-0-0-0,0,0,15,0,0,41,118,0,0,324,1,0,0,0,0,0,2025-06-10 15:34:39,Excel完整库,告警
413,热敏电阻开路,告警设备的热敏电阻开路量测，状态,0-0-15-0-0-41-118-0-0-325-1-0-0-0-0-0,0,0,15,0,0,41,118,0,0,325,1,0,0,0,0,0,2025-06-10 15:34:39,Excel完整库,告警
414,异常停机故障,告警设备的异常停机故障量测，状态,0-0-15-0-0-41-118-0-0-326-1-0-0-0-0-0,0,0,15,0,0,41,118,0,0,326,1,0,0,0,0,0,2025-06-10 15:34:39,Excel完整库,告警
415,三相PFC故障号,告警设备的三相PFC故障号量测，状态,0-0-15-0-0-41-118-0-0-327-1-0-0-0-0-0,0,0,15,0,0,41,118,0,0,327,1,0,0,0,0,0,2025-06-10 15:34:39,Excel完整库,告警
416,三相PFC故障号,告警设备的三相PFC故障号量测，状态,0-0-15-0-0-41-118-0-0-328-1-0-0-0-0-0,0,0,15,0,0,41,118,0,0,328,1,0,0,0,0,0,2025-06-10 15:34:39,Excel完整库,告警
417,三相PFC故障号,告警设备的三相PFC故障号量测，状态,0-0-15-0-0-41-118-0-0-329-1-0-0-0-0-0,0,0,15,0,0,41,118,0,0,329,1,0,0,0,0,0,2025-06-10 15:34:39,Excel完整库,告警
418,量测点_333_17,告警设备的量测点_333_17量测，状态,0-0-15-0-0-41-118-0-0-330-1-0-0-0-0-0,0,0,15,0,0,41,118,0,0,330,1,0,0,0,0,0,2025-06-10 15:34:39,Excel完整库,告警
419,Pcs故障反馈,告警设备的Pcs故障反馈量测，状态,0-0-15-0-0-41-118-0-0-331-1-0-0-0-0-0,0,0,15,0,0,41,118,0,0,331,1,0,0,0,0,0,2025-06-10 15:34:39,Excel完整库,告警
420,Pcs故障反馈,告警设备的Pcs故障反馈量测，状态,0-0-15-0-0-41-118-0-0-332-1-0-0-0-0-0,0,0,15,0,0,41,118,0,0,332,1,0,0,0,0,0,2025-06-10 15:34:39,Excel完整库,告警
421,Pcs故障反馈,告警设备的Pcs故障反馈量测，状态,0-0-15-0-0-41-118-0-0-333-1-0-0-0-0-0,0,0,15,0,0,41,118,0,0,333,1,0,0,0,0,0,2025-06-10 15:34:39,Excel完整库,告警
422,制冷片故障,告警设备的制冷片故障量测，状态,0-0-15-0-0-41-118-0-0-334-1-0-0-0-0-0,0,0,15,0,0,41,118,0,0,334,1,0,0,0,0,0,2025-06-10 15:34:39,Excel完整库,告警
423,温湿度传感器故障,告警设备的温湿度传感器故障量测，状态,0-0-15-0-0-41-118-0-0-335-1-0-0-0-0-0,0,0,15,0,0,41,118,0,0,335,1,0,0,0,0,0,2025-06-10 15:34:39,Excel完整库,告警
424,制冷片冷端温度传感器故障,告警设备的制冷片冷端温度传感器故障量测，状态,0-0-15-0-0-41-118-0-0-336-1-0-0-0-0-0,0,0,15,0,0,41,118,0,0,336,1,0,0,0,0,0,2025-06-10 15:34:39,Excel完整库,告警
425,风扇故障,告警设备的风扇故障量测，状态,0-0-15-0-0-41-118-0-0-337-1-0-0-0-0-0,0,0,15,0,0,41,118,0,0,337,1,0,0,0,0,0,2025-06-10 15:34:39,Excel完整库,告警
426,EMS切手动保护,告警设备的EMS切手动保护量测，状态,0-0-15-0-0-41-118-0-0-338-1-0-0-0-0-0,0,0,15,0,0,41,118,0,0,338,1,0,0,0,0,0,2025-06-10 15:34:39,Excel完整库,告警
427,电表故障,告警设备的电表故障量测，状态,0-0-15-0-0-41-118-0-0-339-1-0-0-0-0-0,0,0,15,0,0,41,118,0,0,339,1,0,0,0,0,0,2025-06-10 15:34:39,Excel完整库,告警
428,动环保护,告警设备的动环保护量测，状态,0-0-15-0-0-41-118-0-0-340-1-0-0-0-0-0,0,0,15,0,0,41,118,0,0,340,1,0,0,0,0,0,2025-06-10 15:34:39,Excel完整库,告警
429,自定义提示1,告警设备的自定义提示1量测，状态,0-0-15-0-0-41-118-0-0-341-1-0-0-0-0-0,0,0,15,0,0,41,118,0,0,341,1,0,0,0,0,0,2025-06-10 15:34:39,Excel完整库,告警
430,自定义提示2,告警设备的自定义提示2量测，状态,0-0-15-0-0-41-118-0-0-342-1-0-0-0-0-0,0,0,15,0,0,41,118,0,0,342,1,0,0,0,0,0,2025-06-10 15:34:39,Excel完整库,告警
431,自定义提示3,告警设备的自定义提示3量测，状态,0-0-15-0-0-41-118-0-0-343-1-0-0-0-0-0,0,0,15,0,0,41,118,0,0,343,1,0,0,0,0,0,2025-06-10 15:34:39,Excel完整库,告警
432,自定义停机1,告警设备的自定义停机1量测，状态,0-0-15-0-0-41-118-0-0-344-1-0-0-0-0-0,0,0,15,0,0,41,118,0,0,344,1,0,0,0,0,0,2025-06-10 15:34:39,Excel完整库,告警
433,自定义停机2,告警设备的自定义停机2量测，状态,0-0-15-0-0-41-118-0-0-345-1-0-0-0-0-0,0,0,15,0,0,41,118,0,0,345,1,0,0,0,0,0,2025-06-10 15:34:39,Excel完整库,告警
434,自定义停机3,告警设备的自定义停机3量测，状态,0-0-15-0-0-41-118-0-0-346-1-0-0-0-0-0,0,0,15,0,0,41,118,0,0,346,1,0,0,0,0,0,2025-06-10 15:34:39,Excel完整库,告警
435,自定义告警,告警设备的自定义告警量测，状态,0-0-15-0-0-41-118-0-0-347-1-0-0-0-0-0,0,0,15,0,0,41,118,0,0,347,1,0,0,0,0,0,2025-06-10 15:34:39,Excel完整库,告警
436,PCS功率反馈异常,告警设备的PCS功率反馈异常量测，状态,0-0-15-0-0-41-118-0-0-348-1-0-0-0-0-0,0,0,15,0,0,41,118,0,0,348,1,0,0,0,0,0,2025-06-10 15:34:39,Excel完整库,告警
437,总消防,告警设备的总消防量测，状态,0-0-15-0-0-41-118-0-0-349-1-0-0-0-0-0,0,0,15,0,0,41,118,0,0,349,1,0,0,0,0,0,2025-06-10 15:34:39,Excel完整库,告警
438,外部消防,告警设备的外部消防量测，状态,0-0-15-0-0-41-118-0-0-350-1-0-0-0-0-0,0,0,15,0,0,41,118,0,0,350,1,0,0,0,0,0,2025-06-10 15:34:39,Excel完整库,告警
439,本机消防,告警设备的本机消防量测，状态,0-0-15-0-0-41-118-0-0-351-1-0-0-0-0-0,0,0,15,0,0,41,118,0,0,351,1,0,0,0,0,0,2025-06-10 15:34:39,Excel完整库,告警
440,温控系统异常,告警设备的温控系统异常量测，状态,0-0-15-0-0-41-118-0-0-352-1-0-0-0-0-0,0,0,15,0,0,41,118,0,0,352,1,0,0,0,0,0,2025-06-10 15:34:39,Excel完整库,告警
441,自定义提示告警,告警设备的自定义提示告警量测，状态,0-0-15-0-0-41-118-0-0-353-1-0-0-0-0-0,0,0,15,0,0,41,118,0,0,353,1,0,0,0,0,0,2025-06-10 15:34:39,Excel完整库,告警
442,自定义重要告警,告警设备的自定义重要告警量测，状态,0-0-15-0-0-41-118-0-0-354-1-0-0-0-0-0,0,0,15,0,0,41,118,0,0,354,1,0,0,0,0,0,2025-06-10 15:34:39,Excel完整库,告警
443,自定义严重告警,告警设备的自定义严重告警量测，状态,0-0-15-0-0-41-118-0-0-355-1-0-0-0-0-0,0,0,15,0,0,41,118,0,0,355,1,0,0,0,0,0,2025-06-10 15:34:39,Excel完整库,告警
444,DOD保护,告警设备的DOD保护量测，状态,0-0-15-0-0-41-118-0-0-356-1-0-0-0-0-0,0,0,15,0,0,41,118,0,0,356,1,0,0,0,0,0,2025-06-10 15:34:39,Excel完整库,告警
445,直流总压异常,告警设备的直流总压异常量测，状态,0-0-15-0-0-41-118-0-0-357-1-0-0-0-0-0,0,0,15,0,0,41,118,0,0,357,1,0,0,0,0,0,2025-06-10 15:34:39,Excel完整库,告警
446,人民币（元）,其他设备的人民币（元）量测，测量3,8-0-0-1-0-0-3-0-0-0-0-0-0-0-0-0,8,0,0,1,0,0,3,0,0,0,0,0,0,0,0,0,2025-06-10 15:34:39,Excel完整库,其他
447,天气温度(℃),其他设备的天气温度(℃)量测，频率,0-0-0-6-0-40-46-0-0-0-0-0-0-0-0-0,0,0,0,6,0,40,46,0,0,0,0,0,0,0,0,0,2025-06-10 15:34:39,Excel完整库,其他
448,湿度（RH）,其他设备的湿度（RH）量测，温度,0-0-0-6-0-40-156-0-0-0-0-0-0-0-0-0,0,0,0,6,0,40,156,0,0,0,0,0,0,0,0,0,2025-06-10 15:34:39,Excel完整库,其他
449,单体最高温度序号,其他设备的单体最高温度序号量测，测量92,0-0-0-0-0-0-92-0-0-1-1-0-0-0-0-0,0,0,0,0,0,0,92,0,0,1,1,0,0,0,0,0,2025-06-10 15:34:39,Excel完整库,其他
450,时间日期类,其他设备的时间日期类量测，测量7,0-0-0-0-0-0-7-0-0-0-0-0-0-0-0-0,0,0,0,0,0,0,7,0,0,0,0,0,0,0,0,0,2025-06-10 15:34:39,Excel完整库,其他
451,设备温度,其他设备的设备温度量测，频率,0-0-0-6-0-41-46-0-0-0-0-0-0-0-0-0,0,0,0,6,0,41,46,0,0,0,0,0,0,0,0,0,2025-06-10 15:34:39,Excel完整库,其他
452,空气温度,其他设备的空气温度量测，频率,0-0-0-6-0-4-46-0-0-0-0-0-0-0-0-0,0,0,0,6,0,4,46,0,0,0,0,0,0,0,0,0,2025-06-10 15:34:39,Excel完整库,其他
453,单体最低温度序号,其他设备的单体最低温度序号量测，测量92,0-0-0-0-0-0-92-0-0-2-1-0-0-0-0-0,0,0,0,0,0,0,92,0,0,2,1,0,0,0,0,0,2025-06-10 15:34:39,Excel完整库,其他
454,单体最高电压序号,其他设备的单体最高电压序号量测，测量92,0-0-0-0-0-0-92-0-0-3-1-0-0-0-0-0,0,0,0,0,0,0,92,0,0,3,1,0,0,0,0,0,2025-06-10 15:34:39,Excel完整库,其他
455,单体最低电压序号,其他设备的单体最低电压序号量测，测量92,0-0-0-0-0-0-92-0-0-4-1-0-0-0-0-0,0,0,0,0,0,0,92,0,0,4,1,0,0,0,0,0,2025-06-10 15:34:39,Excel完整库,其他
456,编号类5,其他设备的编号类5量测，测量92,0-0-0-0-0-0-92-0-0-5-1-0-0-0-0-0,0,0,0,0,0,0,92,0,0,5,1,0,0,0,0,0,2025-06-10 15:34:39,Excel完整库,其他
457,编号类6,其他设备的编号类6量测，测量92,0-0-0-0-0-0-92-0-0-6-1-0-0-0-0-0,0,0,0,0,0,0,92,0,0,6,1,0,0,0,0,0,2025-06-10 15:34:39,Excel完整库,其他
458,编号类7,其他设备的编号类7量测，测量92,0-0-0-0-0-0-92-0-0-7-1-0-0-0-0-0,0,0,0,0,0,0,92,0,0,7,1,0,0,0,0,0,2025-06-10 15:34:39,Excel完整库,其他
459,编号类8,其他设备的编号类8量测，测量92,0-0-0-0-0-0-92-0-0-8-1-0-0-0-0-0,0,0,0,0,0,0,92,0,0,8,1,0,0,0,0,0,2025-06-10 15:34:39,Excel完整库,其他
460,编号类9,其他设备的编号类9量测，测量92,0-0-0-0-0-0-92-0-0-9-1-0-0-0-0-0,0,0,0,0,0,0,92,0,0,9,1,0,0,0,0,0,2025-06-10 15:34:39,Excel完整库,其他
461,编号类10,其他设备的编号类10量测，测量92,0-0-0-0-0-0-92-0-0-10-1-0-0-0-0-0,0,0,0,0,0,0,92,0,0,10,1,0,0,0,0,0,2025-06-10 15:34:39,Excel完整库,其他
